policy_id,policy_start,policy_end
P47864,7/25/2020,8/27/2021
P67035,11/16/2019,8/25/2021
P09228,7/23/2019,12/16/2021
P34919,8/5/2019,1/29/2022
P33680,1/16/2019,11/29/2021
P00554,7/11/2019,12/31/2021
P65389,11/2/2019,4/7/2021
P75370,8/30/2019,7/23/2021
P65337,12/1/2020,12/17/2021
P54036,9/8/2019,4/24/2021
P87235,6/19/2019,5/1/2021
P57659,3/10/2020,4/4/2021
P44085,3/18/2020,9/26/2021
P43117,10/22/2019,9/13/2021
P83969,1/21/2020,1/22/2022
P68211,5/18/2019,7/12/2021
P27226,11/30/2020,4/28/2021
P41308,10/22/2019,10/23/2021
P06504,9/26/2019,6/18/2021
P03791,6/15/2019,10/31/2021
P00791,9/21/2019,11/10/2021
P41942,2/3/2019,8/21/2021
P03583,9/28/2019,9/8/2021
P92212,4/25/2019,12/14/2021
P47238,5/9/2019,9/6/2021
P56750,8/25/2019,3/8/2021
P74933,6/12/2019,1/10/2021
P87907,8/21/2019,9/3/2021
P65569,7/21/2020,10/23/2021
P88564,11/5/2020,1/30/2021
P37375,2/20/2020,7/29/2021
P70698,9/25/2019,8/4/2021
P85051,6/15/2020,12/15/2021
P83726,2/27/2020,1/9/2021
P69694,12/2/2020,4/1/2021
P49114,8/7/2019,1/26/2022
P30013,12/8/2020,12/25/2021
P16559,6/24/2019,6/28/2021
P21146,8/25/2019,6/14/2021
P60650,10/8/2020,10/28/2021
P09018,7/5/2020,11/20/2021
P36756,4/15/2019,1/30/2022
P21365,7/27/2019,3/8/2021
P27183,5/23/2020,2/23/2021
P93900,9/27/2019,5/16/2021
P65830,7/4/2019,7/7/2021
P11397,9/29/2019,1/10/2022
P06815,9/19/2019,1/7/2021
P12102,12/5/2019,4/15/2021
P23400,8/23/2020,2/11/2021
P00993,2/1/2019,12/23/2021
P84944,3/31/2019,1/25/2021
P73825,10/24/2019,3/14/2021
P25703,4/5/2020,11/13/2021
P13259,10/21/2019,1/24/2021
P52049,10/3/2020,9/11/2021
P42730,10/1/2020,2/27/2021
P03803,8/7/2019,7/22/2021
P53719,9/26/2019,10/9/2021
P50951,4/6/2020,4/24/2021
P44074,3/21/2019,5/19/2021
P14206,10/13/2020,7/21/2021
P47204,9/25/2020,11/25/2021
P74319,9/7/2020,5/21/2021
P24956,7/9/2020,6/5/2021
P12686,11/29/2019,3/31/2021
P43280,9/11/2019,10/3/2021
P87602,3/13/2020,7/2/2021
P90822,9/11/2019,2/24/2022
P25962,11/12/2019,3/2/2021
P54120,9/16/2020,2/2/2021
P57233,11/9/2019,11/21/2021
P62908,7/1/2020,1/1/2021
P93356,12/24/2020,2/12/2022
P90503,4/7/2019,3/29/2021
P91011,8/28/2019,5/18/2021
P85894,6/12/2020,9/29/2021
P32649,2/15/2020,10/15/2021
P65700,6/19/2019,10/10/2021
P50930,2/18/2019,4/28/2021
P44094,4/19/2019,4/11/2021
P24239,4/4/2019,7/24/2021
P93924,8/26/2019,12/9/2021
P94263,12/1/2019,2/2/2022
P86513,3/27/2020,11/17/2021
P40444,4/24/2020,2/25/2022
P92430,1/6/2020,1/10/2022
P74484,9/2/2020,2/9/2022
P37029,6/5/2020,8/19/2021
P26271,8/5/2019,10/3/2021
P24113,2/12/2019,1/26/2021
P91148,8/26/2019,1/17/2022
P22605,4/1/2019,5/12/2021
P51171,10/17/2020,1/7/2021
P06006,4/9/2020,10/7/2021
P02943,11/8/2020,9/13/2021
P33021,7/12/2019,2/16/2021
P73426,1/1/2020,4/19/2021
P17527,2/28/2019,2/17/2022
P09130,10/1/2019,11/24/2021
P60805,10/26/2019,12/30/2021
P76506,5/10/2019,3/30/2021
P64422,10/21/2019,2/5/2022
P32174,7/17/2019,7/26/2021
P36802,8/22/2019,9/14/2021
P94049,11/15/2020,5/24/2021
P53065,4/15/2019,5/22/2021
P19141,12/4/2019,3/5/2021
P88455,2/16/2020,2/2/2022
P19169,8/21/2020,1/28/2022
P66068,3/8/2020,10/3/2021
P51581,8/23/2019,5/5/2021
P66950,10/30/2019,2/14/2021
P89872,4/29/2019,9/27/2021
P02855,1/21/2020,6/2/2021
P20645,9/21/2019,9/1/2021
P95208,9/7/2020,12/27/2021
P56056,12/20/2019,9/6/2021
P75255,10/16/2020,9/26/2021
P99235,10/18/2020,3/19/2021
P79306,7/22/2019,8/1/2021
P07789,2/13/2020,8/28/2021
P10147,8/5/2019,2/1/2022
P16152,12/23/2019,11/23/2021
P32128,11/20/2019,5/2/2021
P97463,7/11/2020,1/29/2022
P10624,7/17/2019,10/2/2021
P14331,3/9/2019,4/4/2021
P38233,11/15/2020,4/7/2021
P91612,1/14/2020,6/1/2021
P04482,2/16/2020,1/16/2022
P53155,3/11/2019,9/1/2021
P61109,5/16/2020,12/27/2021
P62718,4/16/2019,8/10/2021
P81799,2/16/2019,5/16/2021
P86201,6/22/2019,9/21/2021
P03606,5/31/2019,1/21/2022
P66240,8/22/2019,10/1/2021
P12813,10/25/2019,11/19/2021
P84964,6/28/2020,9/27/2021
P02678,8/23/2019,1/21/2021
P31184,12/13/2019,12/12/2021
P71933,10/15/2019,6/4/2021
P76260,12/28/2019,9/3/2021
P42075,9/15/2019,2/27/2021
P92586,9/19/2019,6/16/2021
P90889,11/16/2019,2/28/2021
P55809,4/7/2020,1/3/2022
P99599,8/17/2019,2/3/2022
P30977,3/5/2019,6/12/2021
P26415,10/25/2020,9/29/2021
P85477,6/12/2019,4/29/2021
P03221,9/29/2020,11/11/2021
P42127,7/1/2020,4/26/2021
P84873,6/16/2019,5/23/2021
P36165,1/24/2019,9/18/2021
P86260,3/27/2019,8/21/2021
P94442,9/27/2020,1/18/2022
P91430,5/7/2020,12/11/2021
P64250,4/27/2020,2/20/2021
P38149,5/29/2019,11/19/2021
P74271,7/11/2020,2/20/2021
P73107,10/13/2020,4/12/2021
P30006,7/2/2020,9/14/2021
P50194,12/25/2019,8/18/2021
P61933,12/18/2019,12/9/2021
P27732,6/25/2020,6/23/2021
P23908,6/16/2020,9/18/2021
P58197,1/7/2019,5/9/2021
P37016,7/7/2020,2/11/2022
P06146,2/18/2020,6/21/2021
P26640,2/4/2019,7/6/2021
P33452,11/7/2020,11/26/2021
P46255,9/24/2019,10/12/2021
P57521,2/8/2019,12/29/2021
P57123,10/6/2019,5/17/2021
P30178,7/1/2019,10/13/2021
P02801,12/7/2019,5/13/2021
P72426,6/23/2020,9/12/2021
P78978,8/5/2019,2/3/2021
P02388,7/18/2020,4/28/2021
P68806,2/7/2020,4/18/2021
P27013,7/29/2019,5/17/2021
P89370,5/22/2019,9/9/2021
P88262,7/4/2020,5/27/2021
P09173,10/12/2019,8/1/2021
P53665,2/6/2020,4/10/2021
P00287,6/4/2019,5/30/2021
P57371,7/19/2019,2/24/2022
P81894,12/20/2019,9/28/2021
P93000,4/15/2020,9/6/2021
P72615,3/8/2020,6/22/2021
P89882,3/16/2020,12/30/2021
P83607,9/28/2020,1/15/2022
P23843,8/28/2019,8/15/2021
P02755,2/11/2020,3/15/2021
P15598,2/4/2020,11/17/2021
P21782,8/17/2019,7/5/2021
P78368,7/30/2019,6/22/2021
P54750,9/19/2019,1/26/2022
P37187,5/5/2019,5/28/2021
P19134,5/29/2019,1/15/2022
P43892,11/4/2020,3/17/2021
P56395,2/23/2020,11/20/2021
P03742,7/22/2020,4/8/2021
P40948,6/28/2019,2/23/2021
P70648,4/18/2020,6/30/2021
P48392,6/24/2019,11/1/2021
P64721,1/11/2019,12/3/2021
P27300,2/15/2019,11/12/2021
P57019,8/27/2019,11/23/2021
P67081,8/30/2019,5/2/2021
P89600,8/15/2019,1/16/2022
P28936,10/8/2020,2/10/2021
P62845,6/26/2019,10/8/2021
P13582,9/20/2019,10/30/2021
P94345,9/5/2019,2/12/2021
P47231,1/31/2019,3/29/2021
P14928,4/3/2020,2/15/2021
P19178,9/26/2019,8/7/2021
P95363,12/23/2019,1/5/2022
P88297,7/24/2020,11/12/2021
P63563,8/1/2019,12/17/2021
P86362,3/1/2020,1/28/2021
P33820,2/18/2019,1/11/2022
P70332,8/22/2019,1/9/2022
P11080,9/17/2020,1/16/2021
P40672,12/27/2019,1/1/2021
P11408,4/25/2020,3/4/2021
P16810,1/25/2020,2/24/2022
P15720,1/8/2019,2/24/2021
P41919,9/28/2020,9/28/2021
P71090,12/13/2019,2/22/2022
P83367,9/13/2019,9/15/2021
P82328,2/15/2019,10/17/2021
P35675,4/14/2020,4/3/2021
P26330,10/12/2019,9/8/2021
P23394,11/30/2019,3/11/2021
P04335,7/19/2020,7/1/2021
P54370,4/30/2020,7/19/2021
P36138,2/21/2019,3/17/2021
P05548,5/25/2019,1/30/2021
P45193,7/3/2019,1/25/2021
P51204,11/25/2020,2/12/2021
P14892,8/27/2019,7/9/2021
P51259,11/29/2019,3/21/2021
P80781,11/14/2019,10/25/2021
P91946,6/13/2020,2/8/2022
P86049,4/6/2020,6/10/2021
P26594,12/13/2020,11/16/2021
P57499,10/16/2019,8/3/2021
P80227,12/3/2020,3/2/2021
P41817,8/29/2019,5/4/2021
P76135,8/9/2019,2/11/2021
P44465,9/9/2020,12/18/2021
P13760,6/21/2020,9/23/2021
P22096,1/4/2020,8/9/2021
P05602,3/31/2019,5/27/2021
P48299,8/30/2020,3/8/2021
P31495,8/9/2020,6/3/2021
P91766,8/15/2019,7/5/2021
P73704,9/8/2020,5/7/2021
P24846,11/29/2020,6/22/2021
P53256,7/17/2020,11/26/2021
P09314,11/8/2020,5/8/2021
P43221,6/17/2020,8/23/2021
P50776,2/18/2019,9/4/2021
P81976,5/2/2019,1/2/2021
P23822,10/4/2019,11/7/2021
P83160,3/19/2020,2/6/2022
P22837,3/9/2020,12/29/2021
P69143,8/21/2020,2/25/2022
P85384,5/8/2019,11/9/2021
P44312,8/4/2020,7/30/2021
P25761,6/5/2019,1/15/2021
P40784,12/7/2019,8/18/2021
P54822,7/14/2019,11/3/2021
P63712,1/7/2020,12/9/2021
P90788,9/28/2019,4/4/2021
P22058,9/18/2019,11/3/2021
P24867,2/26/2019,10/8/2021
P95065,1/7/2020,12/10/2021
P63298,12/25/2019,9/30/2021
P26760,1/19/2019,2/15/2021
P18987,2/13/2019,3/23/2021
P95949,3/23/2020,1/15/2022
P44689,5/11/2020,1/4/2021
P72932,10/18/2020,6/29/2021
P26092,4/30/2019,2/5/2022
P46520,10/11/2020,5/11/2021
P05282,12/5/2019,5/10/2021
P14103,8/5/2019,4/26/2021
P05975,7/29/2019,10/31/2021
P93872,8/18/2019,1/31/2022
P48425,1/9/2019,2/11/2022
P29431,8/23/2020,2/1/2022
P34116,12/26/2020,11/16/2021
P42194,4/23/2019,5/8/2021
P21506,3/6/2019,7/20/2021
P51417,12/27/2020,7/7/2021
P48290,12/31/2019,1/27/2022
P36418,11/30/2019,8/4/2021
P43903,9/14/2019,8/20/2021
P31216,10/1/2019,11/29/2021
P84355,11/25/2019,4/3/2021
P50157,5/31/2019,5/24/2021
P84301,10/10/2019,1/12/2022
P26635,4/14/2020,1/8/2021
P30294,8/7/2020,6/5/2021
P22692,7/20/2020,1/17/2022
P10612,2/12/2020,11/13/2021
P87211,4/11/2019,1/17/2022
P00470,9/20/2019,10/30/2021
P22427,1/14/2020,10/16/2021
P78727,3/2/2019,3/12/2021
P99153,4/1/2019,9/3/2021
P09211,7/29/2020,1/4/2021
P25754,9/16/2020,3/29/2021
P03974,1/27/2019,5/12/2021
P16476,2/7/2020,11/30/2021
P23867,10/11/2019,10/15/2021
P31541,2/14/2019,9/11/2021
P83620,3/22/2020,4/8/2021
P29711,3/30/2019,6/4/2021
P86672,12/10/2019,6/27/2021
P85228,11/12/2019,10/6/2021
P96850,1/5/2020,8/18/2021
P33968,3/2/2019,2/10/2021
P96639,9/25/2020,11/22/2021
P54175,10/11/2020,7/20/2021
P81081,3/10/2019,11/26/2021
P73574,12/30/2019,4/7/2021
P05929,11/19/2020,12/14/2021
P62019,6/19/2019,6/16/2021
P70651,6/22/2019,10/26/2021
P43775,9/6/2019,3/28/2021
P62087,9/28/2019,1/4/2021
P10084,8/20/2020,5/12/2021
P48914,9/11/2020,3/18/2021
P25931,9/23/2019,1/13/2022
P18619,6/8/2019,1/5/2022
P00615,8/21/2020,3/17/2021
P64327,11/1/2020,9/6/2021
P03371,2/26/2019,12/19/2021
P80823,9/23/2020,4/17/2021
P32641,10/24/2019,5/28/2021
P21017,10/18/2020,1/16/2022
P26609,12/4/2020,9/2/2021
P63432,7/10/2020,3/15/2021
P01665,1/2/2020,4/22/2021
P78386,6/29/2019,10/26/2021
P08634,5/28/2020,12/18/2021
P11039,11/3/2020,9/12/2021
P92999,11/24/2019,8/15/2021
P86948,8/22/2019,1/17/2022
P99243,8/23/2020,10/31/2021
P86572,10/17/2019,10/12/2021
P16792,8/12/2020,10/1/2021
P77914,8/1/2019,2/12/2022
P04754,1/27/2020,1/17/2021
P96228,12/23/2020,5/22/2021
P64298,1/18/2020,4/19/2021
P86472,10/7/2019,1/28/2021
P26851,10/7/2019,2/21/2022
P92525,6/23/2020,6/7/2021
P04637,6/26/2019,8/20/2021
P81244,5/23/2020,4/4/2021
P59133,7/28/2020,9/29/2021
P72061,7/20/2019,1/24/2021
P13707,3/14/2019,6/3/2021
P38901,9/10/2020,2/22/2022
P14412,11/16/2020,11/8/2021
P32061,7/31/2019,3/13/2021
P63558,12/30/2020,8/5/2021
P61279,2/11/2020,1/9/2022
P28207,11/21/2019,3/13/2021
P27685,3/20/2019,4/28/2021
P67922,6/25/2020,2/22/2021
P49349,9/10/2020,10/30/2021
P42382,1/3/2019,4/25/2021
P68974,7/15/2019,5/16/2021
P03578,10/6/2020,1/10/2021
P80250,10/29/2020,1/28/2022
P89930,3/25/2020,3/18/2021
P44068,12/17/2020,10/5/2021
P71702,2/13/2020,1/3/2022
P76927,6/26/2019,3/5/2021
P34585,2/15/2020,12/7/2021
P66431,8/24/2019,5/14/2021
P56789,8/13/2019,3/25/2021
P64939,2/29/2020,10/13/2021
P44354,8/13/2019,3/17/2021
P89142,12/5/2020,12/5/2021
P72669,10/28/2019,7/2/2021
P00489,3/10/2020,1/24/2022
P83224,10/28/2019,2/23/2021
P55452,2/21/2020,3/27/2021
P12890,1/15/2020,2/9/2022
P10741,9/28/2020,8/26/2021
P25356,10/30/2020,10/26/2021
P49069,9/14/2019,5/29/2021
P32197,9/12/2020,7/28/2021
P25145,4/29/2020,9/7/2021
P91059,9/30/2019,8/3/2021
P57989,5/25/2019,4/13/2021
P18800,10/1/2020,1/25/2022
P59895,8/21/2020,5/29/2021
P23990,10/1/2020,12/28/2021
P59563,8/4/2019,6/10/2021
P58286,6/13/2019,6/23/2021
P23530,9/8/2019,6/10/2021
P71356,7/6/2019,10/6/2021
P47590,7/11/2019,10/12/2021
P22515,7/8/2019,2/6/2021
P91244,10/15/2020,9/13/2021
P08877,7/7/2019,3/17/2021
P41963,4/18/2019,8/17/2021
P13000,1/24/2019,9/28/2021
P21529,12/21/2019,2/3/2021
P24018,2/1/2019,8/2/2021
P37755,5/13/2019,1/3/2021
P62760,10/7/2019,6/4/2021
P58002,5/3/2019,1/12/2021
P59011,11/10/2019,8/26/2021
P88836,4/22/2019,3/24/2021
P81591,7/1/2019,2/15/2022
P88646,5/10/2020,12/29/2021
P36705,6/27/2020,5/19/2021
P65196,11/5/2020,10/26/2021
P46571,3/10/2019,4/10/2021
P03451,11/2/2019,11/4/2021
P42074,7/3/2019,4/12/2021
P83380,7/7/2019,6/5/2021
P16019,10/25/2019,5/20/2021
P02133,6/28/2020,1/28/2021
P94082,11/10/2019,11/21/2021
P24966,2/2/2019,6/10/2021
P50793,3/26/2019,1/25/2021
P89465,8/27/2020,10/25/2021
P55405,6/8/2020,4/26/2021
P39481,2/6/2019,4/24/2021
P11195,10/5/2020,2/27/2021
P99814,3/6/2019,5/10/2021
P95271,6/21/2019,2/7/2021
P94993,4/28/2020,12/5/2021
P67743,6/21/2019,2/26/2022
P90999,12/27/2019,11/30/2021
P36895,10/1/2019,2/9/2021
P03288,11/22/2019,2/3/2022
P22428,8/28/2019,7/19/2021
P94715,2/12/2019,1/16/2021
P22190,10/5/2019,8/22/2021
P77543,3/24/2019,12/11/2021
P71260,9/20/2020,1/13/2022
P78946,4/20/2020,7/21/2021
P53760,10/22/2020,3/23/2021
P30342,8/19/2020,9/8/2021
P38223,1/13/2020,3/19/2021
P82666,10/18/2019,12/18/2021
P95668,8/26/2019,1/26/2021
P52311,8/21/2020,3/29/2021
P54617,3/22/2020,7/14/2021
P17472,1/14/2020,8/31/2021
P98755,10/16/2019,2/3/2021
P30373,3/5/2019,5/9/2021
P06593,2/13/2019,6/24/2021
P04617,3/21/2020,2/17/2021
P15483,6/16/2020,6/6/2021
P19141,10/11/2020,4/6/2021
P40758,11/20/2019,5/18/2021
P94704,2/20/2019,2/13/2021
P21468,7/17/2019,11/28/2021
P30585,8/24/2019,2/27/2022
P26799,12/3/2020,9/3/2021
P16489,6/11/2020,12/13/2021
P60928,5/27/2019,12/12/2021
P95276,9/13/2020,6/22/2021
P09555,5/9/2020,10/1/2021
P99553,5/11/2019,10/12/2021
P56443,3/10/2019,1/10/2021
P15933,9/26/2019,9/8/2021
P43048,1/30/2019,2/28/2022
P44185,7/21/2020,5/25/2021
P10056,7/28/2020,4/21/2021
P45922,2/14/2020,4/11/2021
P99776,4/6/2020,5/15/2021
P76006,9/30/2020,4/11/2021
P73776,9/16/2020,1/23/2021
P05529,8/26/2020,5/24/2021
P28319,11/5/2020,1/8/2021
P98890,8/27/2020,9/11/2021
P19023,12/20/2019,12/22/2021
P09110,12/3/2019,2/7/2022
P35810,3/15/2019,2/21/2022
P20560,9/1/2020,4/18/2021
P61006,5/29/2019,9/7/2021
P73588,5/16/2020,1/18/2022
P28458,10/21/2019,3/9/2021
P77252,1/12/2020,7/13/2021
P64693,2/16/2019,1/7/2022
P49844,3/1/2019,2/10/2022
P95948,6/13/2020,5/25/2021
P17902,2/2/2020,2/23/2021
P04662,8/11/2019,10/13/2021
P95548,11/17/2020,9/9/2021
P53710,2/9/2020,9/6/2021
P14832,4/27/2020,2/23/2022
P11997,5/4/2019,1/21/2022
P37988,4/27/2019,7/12/2021
P42145,5/10/2020,2/16/2021
P10574,9/26/2020,2/11/2021
P73562,7/15/2020,11/13/2021
P85803,10/30/2019,4/22/2021
P21320,5/25/2019,5/3/2021
P71538,6/11/2019,6/19/2021
P44990,8/27/2019,7/5/2021
P05663,9/25/2020,5/27/2021
P08956,10/23/2020,12/22/2021
P22871,2/17/2019,9/6/2021
P90683,10/22/2020,7/16/2021
P83114,12/23/2020,5/2/2021
P41440,8/4/2019,5/28/2021
P63278,2/3/2020,7/15/2021
P84670,1/17/2020,6/16/2021
P60360,4/23/2019,1/23/2022
P69563,9/12/2019,1/8/2022
P21046,5/6/2020,1/11/2022
P39731,1/12/2020,10/20/2021
P84601,1/4/2020,7/2/2021
P09530,10/30/2020,1/24/2021
P67027,11/14/2019,6/9/2021
P45013,9/4/2020,3/16/2021
P03613,11/14/2020,7/27/2021
P90460,9/2/2020,11/26/2021
P06665,5/31/2020,6/4/2021
P15944,10/13/2019,11/9/2021
P16710,4/14/2019,6/27/2021
P58068,1/8/2019,8/23/2021
P54289,7/27/2020,12/19/2021
P33209,7/4/2019,3/17/2021
P24868,12/28/2019,7/2/2021
P91789,9/9/2020,11/27/2021
P28649,12/8/2019,1/23/2022
P60647,5/26/2020,5/3/2021
P97401,5/28/2019,1/6/2022
P48332,8/9/2020,1/27/2021
P74102,9/11/2019,3/17/2021
P88078,4/20/2019,2/24/2022
P98770,12/15/2020,7/13/2021
P86217,1/4/2020,5/31/2021
P42760,5/20/2019,2/13/2021
P22524,2/22/2020,10/6/2021
P86319,10/24/2019,3/3/2021
P69753,8/18/2019,11/6/2021
P74697,4/29/2019,3/22/2021
P64931,7/18/2020,4/17/2021
P32576,3/30/2020,1/14/2021
P52807,3/1/2020,12/27/2021
P13620,6/28/2019,11/29/2021
P95516,2/7/2020,7/19/2021
P98030,1/27/2020,8/3/2021
P41215,5/14/2019,5/21/2021
P43511,7/1/2020,3/20/2021
P53218,1/11/2020,12/23/2021
P54252,12/15/2019,10/8/2021
P95734,11/23/2019,4/10/2021
P50243,12/23/2020,10/30/2021
P94669,8/16/2020,9/5/2021
P64149,5/12/2020,3/29/2021
P59465,11/11/2019,1/24/2022
P28810,11/2/2019,3/27/2021
P58272,2/6/2019,4/20/2021
P38578,11/4/2019,2/22/2022
P96766,8/17/2020,10/26/2021
P52728,10/20/2020,1/4/2021
P05659,5/10/2019,4/16/2021
P14754,12/2/2020,2/18/2021
P92040,1/9/2020,12/21/2021
P55610,9/17/2019,2/11/2021
P07238,4/7/2020,10/25/2021
P19309,2/12/2019,11/3/2021
P85473,5/1/2020,1/3/2021
P95065,11/10/2019,1/11/2022
P75133,3/1/2020,6/29/2021
P55585,4/6/2020,1/22/2021
P44999,12/23/2020,1/18/2022
P90351,8/25/2019,12/27/2021
P86344,6/27/2019,7/26/2021
P60786,11/30/2019,2/8/2022
P38282,5/25/2020,7/2/2021
P79493,4/9/2020,6/28/2021
P80420,8/8/2020,8/28/2021
P79178,11/9/2019,8/3/2021
P06986,6/5/2020,1/23/2022
P21715,9/12/2020,6/29/2021
P01012,5/14/2020,1/16/2022
P11404,1/7/2019,4/10/2021
P46726,4/25/2020,6/18/2021
P94555,4/15/2020,3/3/2021
P45015,7/5/2019,4/3/2021
P25391,8/7/2019,2/8/2022
P14170,5/27/2019,12/14/2021
P82254,8/19/2020,5/11/2021
P76375,4/6/2020,10/12/2021
P96126,5/3/2019,5/30/2021
P16804,8/6/2020,6/4/2021
P83546,12/8/2020,8/28/2021
P12150,5/14/2019,3/3/2021
P99268,3/16/2020,5/24/2021
P93561,12/12/2020,10/10/2021
P91500,10/21/2019,12/18/2021
P95547,4/16/2020,2/9/2021
P06113,7/12/2020,9/12/2021
P01445,12/11/2019,11/15/2021
P73391,8/18/2019,1/24/2022
P65284,8/31/2019,9/10/2021
P54810,3/17/2019,11/5/2021
P02088,2/28/2020,12/25/2021
P16855,10/14/2020,12/8/2021
P08471,10/25/2019,6/28/2021
P01637,7/11/2019,12/26/2021
P91333,11/10/2020,4/27/2021
P10348,9/6/2019,6/23/2021
P16341,5/9/2020,4/21/2021
P06301,1/9/2019,6/19/2021
P30078,3/30/2019,10/21/2021
P32403,12/26/2019,10/16/2021
P31092,11/21/2020,4/24/2021
P31310,11/2/2020,6/21/2021
P72313,2/28/2020,10/19/2021
P27916,1/1/2019,12/11/2021
P05075,9/30/2020,2/3/2021
P34020,2/23/2020,1/28/2022
P17524,7/21/2019,12/29/2021
P34006,9/16/2020,10/7/2021
P65278,6/11/2020,5/1/2021
P39115,5/25/2020,1/3/2021
P74728,9/11/2020,2/25/2022
P39123,3/21/2020,2/20/2022
P27012,7/6/2020,7/10/2021
P16785,7/3/2020,6/3/2021
P27958,7/4/2020,5/30/2021
P92202,11/8/2020,3/28/2021
P23064,12/3/2019,7/1/2021
P52985,3/5/2020,12/25/2021
P15912,11/14/2019,2/27/2022
P87268,8/12/2020,8/5/2021
P33720,7/3/2019,10/27/2021
P37195,12/2/2019,1/12/2022
P82143,6/26/2020,6/26/2021
P98385,7/18/2019,4/13/2021
P45935,8/14/2019,1/21/2021
P36631,7/16/2020,1/31/2022
P97886,8/23/2019,2/7/2021
P57679,11/27/2020,4/15/2021
P23269,9/23/2019,10/16/2021
P08501,3/18/2020,2/7/2021
P90065,7/1/2019,3/6/2021
P46904,4/7/2020,10/22/2021
P01389,4/1/2020,1/20/2021
P11722,8/7/2019,2/3/2022
P65638,10/22/2019,3/14/2021
P34065,7/21/2020,4/30/2021
P16684,1/2/2019,3/3/2021
P39177,5/23/2020,4/30/2021
P02204,8/18/2020,6/11/2021
P15856,11/13/2019,5/10/2021
P35982,1/17/2020,5/3/2021
P87732,7/20/2020,1/3/2021
P10612,8/21/2020,2/22/2022
P79364,2/16/2019,3/6/2021
P42514,2/25/2020,4/9/2021
P63807,11/17/2020,12/31/2021
P85130,3/1/2019,6/9/2021
P07587,1/4/2020,2/28/2021
P48257,10/10/2020,1/9/2021
P87725,3/15/2019,8/30/2021
P25720,11/20/2019,8/29/2021
P64126,8/24/2019,1/14/2022
P88134,3/29/2020,11/21/2021
P21526,6/28/2019,8/19/2021
P97277,12/7/2019,9/3/2021
P27426,4/20/2019,11/9/2021
P83897,8/16/2019,1/15/2022
P10006,1/14/2019,9/24/2021
P08013,9/23/2019,2/18/2021
P06742,3/14/2019,11/20/2021
P31622,11/23/2020,8/19/2021
P77134,4/23/2019,2/19/2021
P73041,8/11/2019,3/21/2021
P17918,2/6/2019,12/6/2021
P84571,9/17/2019,8/11/2021
P86464,3/1/2020,12/21/2021
P14944,9/19/2019,4/13/2021
P01520,5/10/2019,1/21/2022
P79842,10/31/2020,1/17/2022
P55559,3/16/2020,9/1/2021
P39941,12/26/2019,7/7/2021
P71858,11/13/2019,10/24/2021
P12465,7/31/2020,2/25/2021
P19419,8/8/2020,8/20/2021
P01435,3/9/2019,11/19/2021
P49903,2/3/2020,11/18/2021
P20514,8/14/2020,2/12/2021
P71768,4/9/2019,12/15/2021
P90218,4/29/2020,2/7/2021
P72041,6/15/2019,7/2/2021
P39990,10/30/2019,9/8/2021
P12191,3/16/2020,11/28/2021
P92224,2/21/2020,9/11/2021
P78888,9/16/2019,1/27/2021
P02254,2/21/2019,8/24/2021
P39855,6/12/2020,1/20/2021
P20503,1/12/2020,7/7/2021
P94299,9/20/2020,11/18/2021
P26071,5/25/2020,11/26/2021
P27947,10/4/2019,4/29/2021
P64343,8/11/2020,2/4/2021
P49814,2/24/2020,12/9/2021
P61590,3/29/2020,2/4/2021
P45987,2/21/2020,12/3/2021
P83446,9/9/2020,1/17/2022
P46900,5/31/2020,11/25/2021
P05516,10/21/2019,2/26/2021
P43209,5/11/2019,8/1/2021
P23910,12/17/2020,3/3/2021
P50745,7/12/2019,1/18/2022
P33214,6/16/2020,1/27/2022
P89628,5/14/2019,4/6/2021
P53648,4/5/2020,1/15/2021
P90183,2/23/2019,9/15/2021
P57758,1/14/2019,8/15/2021
P85833,1/23/2020,1/10/2022
P54269,6/11/2020,1/7/2022
P01079,8/22/2020,1/7/2021
P44241,4/8/2019,5/12/2021
P18651,6/14/2020,7/3/2021
P44504,8/16/2020,1/1/2022
P01145,4/25/2020,12/31/2020
P07578,4/3/2019,10/19/2021
P33612,5/4/2020,12/20/2021
P31095,2/8/2020,6/2/2021
P46794,6/21/2020,1/21/2021
P97568,11/2/2019,6/12/2021
P90353,11/27/2020,1/18/2022
P61558,2/2/2019,10/25/2021
P01101,5/9/2019,12/12/2021
P52697,1/10/2019,1/16/2022
P65767,10/20/2020,1/11/2021
P17895,11/28/2019,8/11/2021
P41107,8/25/2020,8/19/2021
P00788,11/2/2019,2/10/2021
P33210,2/20/2019,11/26/2021
P82284,11/21/2019,5/10/2021
P25867,3/10/2019,10/13/2021
P33424,11/12/2019,1/1/2022
P48824,4/2/2020,11/9/2021
P44563,7/18/2020,12/6/2021
P72473,3/3/2019,2/1/2021
P27397,12/28/2020,5/4/2021
P44742,7/1/2020,1/29/2022
P98851,5/15/2019,4/26/2021
P65578,11/16/2019,9/22/2021
P38456,9/30/2019,8/1/2021
P01169,8/27/2020,1/24/2022
P46525,8/26/2019,6/3/2021
P78194,3/5/2020,2/13/2022
P37539,11/11/2020,12/14/2021
P68312,2/16/2020,6/18/2021
P54668,9/15/2020,3/23/2021
P43468,9/3/2020,1/26/2022
P09880,4/24/2019,1/24/2021
P17033,11/30/2019,11/13/2021
P14071,9/6/2020,8/29/2021
P65492,2/10/2020,10/17/2021
P26576,5/4/2019,1/5/2022
P64129,11/15/2020,8/5/2021
P58855,8/28/2020,1/11/2021
P55090,5/1/2020,6/29/2021
P19581,8/8/2020,4/6/2021
P24725,1/5/2019,1/10/2022
P65781,5/17/2019,1/6/2022
P49443,6/12/2020,8/21/2021
P01644,8/8/2019,4/10/2021
P32395,5/26/2019,9/29/2021
P63506,3/24/2020,3/25/2021
P32599,9/16/2020,1/29/2021
P63034,3/12/2019,1/30/2021
P50200,1/7/2019,8/15/2021
P86797,12/20/2019,2/8/2021
P97524,5/10/2020,5/26/2021
P08348,11/30/2020,9/22/2021
P07694,6/13/2020,5/11/2021
P86729,11/4/2020,2/16/2022
P80772,4/5/2020,1/9/2022
P85752,5/13/2020,2/6/2022
P41468,8/27/2019,5/25/2021
P19067,8/9/2020,5/8/2021
P27770,3/20/2020,7/10/2021
P52081,2/8/2019,2/15/2021
P47801,1/29/2019,11/7/2021
P55488,7/6/2020,3/8/2021
P32554,6/11/2019,1/24/2021
P58612,4/4/2020,1/31/2021
P56794,10/27/2019,1/19/2022
P65369,10/9/2019,1/13/2022
P54836,10/23/2019,9/28/2021
P30220,12/4/2019,5/15/2021
P96786,6/12/2020,9/16/2021
P16670,11/4/2020,12/12/2021
P72712,8/26/2019,1/24/2022
P04303,12/8/2020,6/25/2021
P69694,12/17/2019,5/26/2021
P42787,9/2/2019,4/29/2021
P89383,8/17/2020,7/25/2021
P30389,8/4/2020,3/21/2021
P64090,10/16/2020,12/21/2021
P27469,12/11/2019,5/13/2021
P16892,3/31/2019,2/3/2022
P62305,2/25/2019,2/24/2021
P28994,10/3/2020,3/3/2021
P27895,11/10/2020,6/10/2021
P77231,12/27/2019,12/31/2020
P74205,5/12/2020,4/10/2021
P82522,5/21/2019,7/19/2021
P12277,9/28/2019,8/2/2021
P07968,4/6/2020,9/9/2021
P72430,2/27/2020,11/29/2021
P42566,12/11/2020,6/7/2021
P68275,2/25/2020,1/11/2022
P02893,4/16/2019,7/13/2021
P29413,3/11/2020,5/22/2021
P30336,3/7/2019,6/17/2021
P35537,3/23/2019,12/4/2021
P67308,1/9/2020,1/23/2022
P39319,4/26/2020,4/6/2021
P34424,11/16/2019,7/22/2021
P02269,12/18/2019,6/2/2021
P87440,12/26/2019,12/1/2021
P00670,7/9/2020,3/15/2021
P92876,2/13/2019,5/3/2021
P11508,1/23/2019,6/5/2021
P67117,12/6/2020,6/9/2021
P53803,5/16/2019,1/8/2021
P42908,7/6/2019,3/15/2021
P91536,6/14/2020,10/8/2021
P53467,4/22/2019,7/29/2021
P01677,11/8/2020,8/1/2021
P44115,11/5/2020,10/28/2021
P78133,5/2/2019,8/8/2021
P56179,4/7/2020,2/16/2022
P09770,4/9/2020,11/13/2021
P59830,8/7/2019,8/8/2021
P24051,12/16/2019,1/2/2021
P61430,4/7/2019,2/28/2022
P60556,10/25/2020,2/13/2021
P57533,6/17/2020,3/27/2021
P70495,7/18/2020,1/13/2021
P14207,9/3/2019,10/30/2021
P46116,10/30/2020,11/19/2021
P22464,8/24/2020,7/15/2021
P39490,6/10/2020,3/10/2021
P81277,11/7/2020,9/27/2021
P54415,10/28/2019,9/8/2021
P29618,7/5/2019,12/13/2021
P78406,3/11/2019,2/26/2022
P55343,12/14/2020,1/7/2021
P09327,1/12/2020,3/28/2021
P14201,7/2/2019,11/27/2021
P39655,12/24/2019,10/15/2021
P42268,7/15/2020,7/19/2021
P93089,6/29/2019,2/6/2021
P46472,3/1/2020,1/12/2022
P31165,6/2/2019,1/27/2021
P31449,11/16/2020,10/29/2021
P89004,12/13/2020,6/22/2021
P97203,1/19/2019,2/20/2021
P95260,7/31/2020,9/30/2021
P57778,2/10/2020,3/30/2021
P34897,12/22/2019,10/13/2021
P32174,3/19/2019,8/2/2021
P86509,3/18/2019,2/6/2022
P00197,7/12/2020,9/5/2021
P51476,11/7/2019,1/1/2021
P53544,1/16/2020,10/20/2021
P70867,1/8/2019,8/18/2021
P89337,2/14/2020,10/12/2021
P31454,4/11/2019,12/2/2021
P37063,11/15/2020,5/29/2021
P34680,4/14/2020,6/15/2021
P82221,4/7/2019,1/11/2021
P92921,8/2/2019,9/29/2021
P28238,6/16/2020,2/24/2021
P56512,3/7/2020,4/29/2021
P98395,3/12/2020,12/27/2021
P02759,5/25/2020,3/20/2021
P27382,8/8/2020,3/29/2021
P44542,4/13/2019,2/27/2022
P11268,9/30/2020,9/25/2021
P08562,12/26/2020,9/17/2021
P22841,5/15/2020,8/31/2021
P14056,4/7/2020,11/19/2021
P70311,7/30/2020,1/22/2022
P92620,4/6/2020,10/23/2021
P38044,2/18/2019,5/17/2021
P84115,4/7/2020,3/31/2021
P77173,8/4/2020,8/15/2021
P68801,9/22/2020,5/25/2021
P61005,9/8/2019,2/14/2022
P74042,11/19/2019,3/22/2021
P17032,7/3/2019,11/16/2021
P20279,4/18/2020,2/7/2021
P06686,6/19/2019,1/24/2022
P18613,1/1/2020,11/15/2021
P72795,10/27/2019,3/5/2021
P69742,3/17/2020,6/19/2021
P14492,3/10/2020,8/3/2021
P37318,4/12/2019,10/28/2021
P83373,6/7/2019,6/30/2021
P37402,9/26/2020,10/27/2021
P68249,3/16/2020,7/21/2021
P79577,1/11/2019,10/25/2021
P18600,1/14/2019,7/5/2021
P31896,4/19/2019,11/29/2021
P09932,11/9/2020,3/18/2021
P60283,8/29/2020,7/23/2021
P68658,1/28/2020,1/12/2021
P50438,4/27/2019,1/16/2022
P46728,11/19/2020,3/9/2021
P06386,6/9/2019,4/20/2021
P78494,7/18/2019,11/21/2021
P11052,5/30/2020,8/13/2021
P33956,8/12/2019,3/13/2021
P01373,5/9/2019,4/27/2021
P01317,5/18/2019,8/22/2021
P09753,5/13/2019,9/26/2021
P94839,3/6/2019,9/6/2021
P83222,6/2/2020,6/25/2021
P92475,10/12/2019,2/18/2021
P74119,12/24/2019,12/11/2021
P49621,4/2/2019,8/31/2021
P00698,1/26/2020,3/15/2021
P25435,11/9/2020,1/14/2021
P92678,8/25/2019,10/17/2021
P48944,7/10/2020,12/22/2021
P76193,5/13/2019,3/21/2021
P32721,4/7/2019,5/10/2021
P08256,7/27/2020,3/9/2021
P11298,7/18/2019,7/9/2021
P97449,10/28/2019,1/19/2022
P96800,4/4/2020,7/30/2021
P60114,2/8/2019,11/8/2021
P39313,5/2/2019,2/26/2021
P24024,1/15/2019,10/7/2021
P31116,9/24/2020,8/5/2021
P54050,3/1/2019,1/3/2022
P67130,11/27/2020,3/27/2021
P30714,12/22/2020,2/15/2022
P19498,2/7/2019,12/16/2021
P88824,10/1/2020,6/28/2021
P05542,6/1/2019,1/9/2022
P18262,11/17/2020,3/4/2021
P88400,2/13/2019,9/2/2021
P54804,4/30/2019,8/11/2021
P88032,7/28/2019,11/20/2021
P15304,6/3/2019,1/30/2022
P41826,4/8/2020,1/13/2022
P99851,6/29/2019,1/3/2021
P72898,9/29/2020,9/3/2021
P20427,12/9/2020,7/24/2021
P04333,10/2/2020,11/7/2021
P93307,10/8/2019,2/7/2021
P44311,2/19/2019,8/2/2021
P02434,7/11/2019,8/28/2021
P72291,3/15/2019,2/16/2021
P07227,7/8/2019,1/11/2021
P01843,2/19/2019,4/2/2021
P03926,9/27/2020,1/5/2022
P06570,7/2/2019,1/7/2022
P66378,11/13/2020,7/7/2021
P73715,4/15/2020,4/16/2021
P45416,12/10/2019,9/18/2021
P74768,5/27/2019,6/3/2021
P58700,3/24/2020,4/22/2021
P98739,10/16/2019,1/11/2021
P32021,8/19/2020,2/11/2022
P67463,12/12/2019,1/22/2022
P43106,12/12/2020,12/10/2021
P32034,8/22/2020,11/17/2021
P35223,3/2/2020,4/4/2021
P04287,1/24/2019,2/2/2022
P21205,8/5/2020,10/30/2021
P92194,3/29/2020,5/11/2021
P25958,4/5/2019,6/6/2021
P76594,6/10/2019,10/31/2021
P59452,2/26/2019,7/22/2021
P64635,6/18/2020,11/28/2021
P46455,6/9/2020,2/21/2022
P02886,1/29/2019,5/29/2021
P42469,9/11/2020,4/1/2021
P23850,12/28/2019,6/13/2021
P54908,6/15/2019,3/1/2021
P70492,11/4/2019,6/13/2021
P41206,7/31/2020,6/29/2021
P18037,12/4/2020,4/6/2021
P45394,6/14/2019,4/6/2021
P13944,10/23/2019,10/28/2021
P54254,1/19/2019,10/13/2021
P53994,10/22/2019,12/4/2021
P53867,3/12/2019,5/5/2021
P48596,7/30/2020,6/2/2021
P42654,5/28/2019,10/3/2021
P09668,1/31/2020,1/15/2022
P21918,9/9/2019,4/4/2021
P00286,11/8/2019,5/30/2021
P08044,12/18/2020,6/22/2021
P05313,9/4/2020,1/19/2021
P85622,8/30/2019,5/31/2021
P31854,1/21/2019,1/3/2021
P58246,10/10/2019,3/13/2021
P19835,11/21/2020,12/17/2021
P31187,11/16/2019,7/28/2021
P34101,3/3/2019,9/2/2021
P34927,2/9/2019,3/22/2021
P82425,6/4/2020,10/15/2021
P77079,2/19/2020,1/20/2021
P54770,4/14/2019,11/4/2021
P42795,7/16/2020,10/28/2021
P65445,6/12/2019,7/29/2021
P50249,2/4/2019,2/1/2022
P37787,6/9/2020,1/11/2021
P84324,12/15/2019,7/29/2021
P88397,10/9/2020,1/31/2022
P33185,9/16/2019,3/9/2021
P45400,12/7/2019,10/7/2021
P65659,1/5/2020,1/15/2022
P42673,12/10/2020,7/14/2021
P55576,5/19/2019,7/8/2021
P24949,3/20/2020,8/6/2021
P08617,12/6/2019,10/12/2021
P74316,4/20/2020,4/11/2021
P01247,6/8/2019,12/19/2021
P16034,8/26/2020,5/9/2021
P04619,9/9/2020,12/7/2021
P21330,7/12/2020,10/4/2021
P78082,5/12/2019,7/21/2021
P20211,8/19/2019,9/10/2021
P07484,9/28/2019,7/26/2021
P34572,5/25/2019,12/12/2021
P59452,12/31/2019,8/9/2021
P94159,4/26/2019,4/21/2021
P92119,5/1/2020,2/17/2021
P22275,12/27/2020,10/21/2021
P31174,10/17/2019,6/29/2021
P56459,3/6/2020,1/3/2022
P66705,6/7/2020,11/2/2021
P83113,1/16/2020,5/25/2021
P55070,10/7/2020,9/17/2021
P25636,4/2/2020,10/23/2021
P87652,5/15/2019,3/17/2021
P83958,1/20/2019,6/24/2021
P57478,11/30/2020,11/8/2021
P58760,4/15/2019,11/28/2021
P30402,4/17/2020,4/5/2021
P77051,2/28/2019,4/25/2021
P31189,5/19/2019,2/5/2021
P47386,3/20/2019,12/15/2021
P04432,3/5/2019,3/19/2021
P40183,11/5/2019,4/17/2021
P06435,5/11/2019,12/6/2021
P44337,6/16/2019,8/18/2021
P38527,5/3/2020,11/25/2021
P54451,11/17/2019,3/10/2021
P48004,12/24/2020,3/12/2021
P21931,12/5/2020,12/24/2021
P82996,9/3/2020,11/26/2021
P26120,11/21/2020,3/15/2021
P36294,8/13/2020,2/18/2022
P37136,5/12/2019,7/16/2021
P72037,12/26/2020,2/19/2022
P35783,6/11/2020,5/11/2021
P19828,12/20/2020,2/24/2022
P63814,1/1/2020,9/22/2021
P23187,10/15/2019,8/8/2021
P20158,3/18/2019,2/3/2021
P40278,5/10/2020,3/31/2021
P57535,9/9/2020,4/21/2021
P48210,4/19/2020,9/8/2021
P16374,1/31/2020,6/21/2021
P22218,12/20/2019,11/4/2021
P14465,7/26/2020,7/19/2021
P48025,6/18/2020,5/1/2021
P56049,5/21/2020,3/26/2021
P74114,10/26/2020,12/20/2021
P63282,9/26/2020,3/29/2021
P38224,1/3/2020,2/4/2022
P00155,8/22/2019,11/21/2021
P38996,7/27/2020,9/25/2021
P55982,6/14/2019,3/31/2021
P37480,10/22/2020,6/2/2021
P11953,3/8/2019,2/28/2022
P17740,3/27/2020,9/17/2021
P03442,4/7/2020,12/30/2021
P05576,12/6/2020,9/13/2021
P76856,7/9/2019,9/13/2021
P29911,11/27/2020,7/2/2021
P44992,8/29/2019,1/4/2022
P62821,11/20/2019,12/9/2021
P53053,10/27/2020,1/17/2021
P18172,2/20/2019,5/17/2021
P68422,8/24/2020,6/20/2021
P42235,12/24/2019,5/11/2021
P44402,11/22/2020,5/5/2021
P89671,2/7/2020,9/19/2021
P78849,9/9/2020,4/3/2021
P97122,12/21/2019,5/20/2021
P86716,5/3/2020,11/5/2021
P85416,7/11/2019,4/5/2021
P14586,5/2/2020,4/22/2021
P42252,5/15/2020,3/22/2021
P10982,8/29/2020,4/28/2021
P79083,7/2/2020,9/19/2021
P70101,8/18/2019,3/23/2021
P74625,9/6/2020,6/19/2021
P51523,9/14/2019,6/15/2021
P90460,11/3/2019,3/31/2021
P96982,9/14/2020,8/1/2021
P16217,9/4/2020,10/14/2021
P39773,2/27/2019,1/25/2021
P68415,6/7/2020,3/2/2021
P16163,1/24/2019,7/26/2021
P18577,11/16/2020,2/8/2022
P55381,9/17/2019,8/16/2021
P04313,2/10/2019,3/9/2021
P41978,8/8/2019,1/20/2021
P98208,9/17/2020,3/12/2021
P08551,12/26/2020,2/25/2022
P29097,3/15/2020,4/24/2021
P09519,10/25/2020,7/12/2021
P59173,6/19/2020,7/28/2021
P57652,3/7/2020,2/13/2022
P94796,4/1/2019,2/5/2021
P57085,3/8/2020,1/8/2021
P53125,6/22/2019,5/16/2021
P63256,10/20/2020,1/18/2021
P89391,5/20/2019,10/15/2021
P02537,6/17/2019,7/3/2021
P79636,6/5/2019,12/12/2021
P13874,10/20/2020,12/14/2021
P57480,7/17/2019,2/23/2022
P93558,3/23/2019,10/8/2021
P78755,1/16/2019,1/26/2021
P64306,12/5/2019,3/21/2021
P15350,9/2/2020,6/1/2021
P50546,7/20/2019,10/31/2021
P77798,1/8/2020,2/21/2022
P45838,3/24/2019,1/16/2022
P15241,12/28/2020,2/16/2022
P36826,9/23/2019,1/13/2021
P15945,5/1/2020,1/25/2022
P74833,11/1/2020,11/7/2021
P58836,11/24/2020,12/29/2021
P67563,11/14/2019,3/11/2021
P16053,5/10/2020,12/27/2021
P85821,4/13/2020,10/9/2021
P86395,7/29/2019,9/5/2021
P91027,9/15/2019,5/25/2021
P21082,1/1/2019,4/21/2021
P81013,4/20/2019,12/3/2021
P24049,6/1/2020,3/17/2021
P52821,8/29/2019,10/4/2021
P33705,9/29/2019,4/10/2021
P39557,5/28/2019,12/21/2021
P06490,11/20/2020,2/13/2021
P56815,3/17/2020,8/30/2021
P73326,10/17/2019,6/2/2021
P84847,7/9/2019,11/17/2021
P60701,12/18/2020,10/27/2021
P09637,3/21/2020,12/15/2021
P66754,8/12/2020,8/16/2021
P23270,4/5/2019,1/20/2022
P24233,11/11/2020,5/25/2021
P97934,2/8/2020,11/20/2021
P97937,10/18/2019,10/30/2021
P34570,2/17/2020,5/10/2021
P65639,1/3/2020,9/3/2021
P53039,7/21/2020,6/26/2021
P91869,8/5/2020,6/21/2021
P97807,10/26/2020,4/25/2021
P58698,12/21/2020,4/12/2021
P47161,9/19/2019,1/3/2021
P99575,11/16/2019,1/30/2022
P78672,8/1/2020,9/13/2021
P85761,9/25/2020,1/28/2022
P10251,2/10/2019,12/10/2021
P52838,6/27/2020,2/4/2022
P92078,9/7/2019,11/27/2021
P20751,12/19/2019,1/31/2022
P40566,4/30/2019,3/7/2021
P42445,8/19/2019,8/14/2021
P32675,5/26/2019,10/21/2021
P59862,7/17/2019,2/20/2022
P66293,2/4/2020,2/12/2022
P20956,3/10/2020,1/14/2022
P63198,4/27/2020,12/31/2020
P66838,3/11/2020,3/24/2021
P28621,5/17/2019,4/16/2021
P29017,9/18/2020,11/30/2021
P22394,10/4/2020,1/12/2022
P61282,1/2/2019,2/9/2022
P37215,11/19/2019,5/17/2021
P25682,11/18/2019,12/14/2021
P66776,2/18/2019,11/29/2021
P32465,11/5/2019,2/12/2021
P88833,3/19/2020,5/29/2021
P16709,3/28/2020,12/8/2021
P51620,4/19/2020,11/9/2021
P74605,10/17/2019,8/26/2021
P59551,10/26/2020,12/18/2021
P53433,7/30/2020,2/4/2022
P19859,2/13/2020,1/10/2021
P52488,6/16/2019,1/18/2022
P97321,9/23/2020,6/19/2021
P90440,10/4/2020,3/3/2021
P81100,7/16/2020,4/3/2021
P54720,10/8/2019,12/30/2021
P73665,7/1/2020,1/21/2022
P90176,12/6/2019,5/14/2021
P38867,4/26/2019,3/31/2021
P41060,1/18/2020,11/2/2021
P08328,2/10/2019,7/21/2021
P51460,8/15/2020,12/17/2021
P73568,7/27/2019,12/19/2021
P61903,11/3/2020,12/2/2021
P26132,3/28/2020,10/22/2021
P04589,12/3/2019,10/14/2021
P13554,5/19/2020,3/21/2021
P03114,11/28/2020,9/2/2021
P69116,7/12/2019,1/5/2022
P84186,4/10/2020,12/23/2021
P08265,1/6/2020,1/15/2021
P54789,2/1/2020,1/13/2021
P95362,7/21/2020,9/10/2021
P77031,3/9/2020,4/25/2021
P52681,4/25/2020,5/2/2021
P66306,8/23/2020,6/1/2021
P89129,9/19/2019,12/11/2021
P10416,6/11/2019,8/27/2021
P74203,2/15/2020,1/19/2022
P06300,12/8/2020,9/25/2021
P31961,10/17/2019,1/3/2021
P19699,5/27/2019,1/9/2021
P65562,10/7/2020,11/21/2021
P12249,8/31/2020,3/2/2021
P56599,12/7/2019,1/27/2021
P86821,2/1/2019,3/9/2021
P95659,4/3/2020,6/23/2021
P17898,10/6/2020,9/19/2021
P70330,12/23/2020,4/29/2021
P25786,9/2/2020,2/15/2022
P37730,10/9/2020,7/16/2021
P14671,12/1/2019,2/8/2022
P06182,3/29/2019,1/17/2022
P24325,6/20/2019,10/15/2021
P27260,11/6/2020,7/1/2021
P06705,11/7/2020,7/24/2021
P54616,2/2/2019,8/9/2021
P41636,1/17/2019,11/29/2021
P32526,4/21/2020,7/26/2021
P41887,12/22/2019,1/26/2021
P16485,6/22/2019,12/31/2020
P07980,4/7/2020,2/3/2021
P58618,8/9/2020,2/7/2022
P45133,8/4/2019,10/14/2021
P85587,8/22/2019,5/16/2021
P94659,7/12/2020,4/1/2021
P91478,5/27/2020,6/25/2021
P07650,1/11/2020,3/23/2021
P87794,1/27/2019,2/25/2021
P15403,9/23/2019,4/20/2021
P93085,8/3/2020,3/10/2021
P55882,9/11/2020,7/4/2021
P73951,1/23/2019,3/16/2021
P08618,11/5/2020,9/28/2021
P65704,2/9/2020,2/17/2021
P70938,10/6/2020,9/14/2021
P93159,1/5/2020,1/5/2022
P38998,7/26/2019,9/14/2021
P00091,8/20/2020,1/22/2021
P16682,5/10/2019,1/23/2022
P20821,10/9/2020,3/28/2021
P77983,2/7/2020,7/26/2021
P87029,1/12/2019,11/8/2021
P86026,3/7/2020,1/28/2022
P23177,1/2/2019,11/20/2021
P09601,8/17/2019,11/9/2021
P32014,2/11/2020,3/29/2021
P79634,5/27/2019,8/15/2021
P18400,7/19/2019,4/27/2021
P18375,6/15/2020,2/10/2021
P79571,4/27/2020,4/14/2021
P82256,12/1/2019,11/4/2021
P29295,6/17/2019,1/6/2021
P81591,11/1/2020,3/24/2021
P51683,4/6/2019,5/31/2021
P50267,2/12/2020,8/6/2021
P55672,4/29/2020,2/13/2021
P68292,8/1/2020,1/30/2021
P67319,6/16/2019,6/26/2021
P08906,9/25/2020,2/5/2022
P97976,10/28/2020,1/14/2022
P98756,4/15/2019,6/23/2021
P26280,11/20/2019,12/10/2021
P23172,3/2/2020,2/10/2022
P16000,8/2/2019,12/18/2021
P17956,7/18/2020,11/3/2021
P90044,3/2/2019,1/9/2021
P08970,2/24/2019,2/21/2022
P49525,3/17/2020,3/21/2021
P36074,1/10/2019,2/14/2022
P47393,8/4/2019,1/21/2022
P57844,2/1/2019,1/26/2021
P89596,2/27/2020,3/30/2021
P07454,8/24/2020,1/16/2021
P60962,9/5/2019,6/11/2021
P01701,11/23/2020,7/9/2021
P28223,1/12/2019,6/8/2021
P41400,9/25/2019,2/15/2022
P98303,7/9/2019,10/5/2021
P47002,1/1/2019,2/6/2021
P31193,2/28/2019,1/9/2022
P85467,2/25/2020,2/7/2021
P53060,1/4/2020,2/23/2022
P11469,12/10/2019,6/27/2021
P09179,3/25/2020,7/12/2021
P93843,12/3/2020,8/31/2021
P95017,9/2/2020,6/8/2021
P31305,6/23/2020,2/24/2022
P89590,7/15/2020,8/23/2021
P91031,12/4/2020,8/3/2021
P46091,8/29/2020,1/22/2022
P14004,5/23/2019,3/28/2021
P55595,2/16/2020,3/3/2021
P49241,12/21/2019,10/31/2021
P51056,10/18/2019,2/12/2022
P95028,9/25/2019,8/21/2021
P82837,2/27/2019,7/27/2021
P93186,9/11/2020,9/26/2021
P60454,5/18/2020,11/6/2021
P57062,7/15/2019,2/7/2022
P11263,9/11/2020,4/28/2021
P74218,5/13/2020,3/18/2021
P57920,6/18/2019,8/26/2021
P67533,10/5/2019,8/27/2021
P49634,4/4/2020,10/25/2021
P41660,8/20/2020,1/28/2021
P18652,1/23/2020,6/19/2021
P58158,12/27/2019,7/21/2021
P81077,3/14/2019,2/6/2022
P08642,5/5/2020,10/27/2021
P53583,9/5/2020,1/18/2021
P63348,12/7/2019,9/16/2021
P79945,5/15/2019,3/4/2021
P46350,11/8/2020,9/22/2021
P55662,5/21/2020,6/19/2021
P30103,7/16/2019,8/19/2021
P87622,10/2/2020,3/12/2021
P33413,10/19/2020,6/19/2021
P45411,7/17/2020,1/9/2022
P19708,3/3/2020,8/16/2021
P43333,7/2/2020,9/24/2021
P65835,6/18/2020,5/6/2021
P51471,7/8/2019,3/24/2021
P99555,4/24/2019,4/7/2021
P68909,11/6/2019,8/14/2021
P82540,5/15/2020,10/24/2021
P45383,2/18/2019,7/17/2021
P51578,2/27/2019,5/23/2021
P34702,7/29/2019,2/2/2021
P16450,5/5/2020,2/5/2021
P18971,6/23/2020,2/16/2021
P36260,11/23/2020,3/22/2021
P64875,6/4/2020,9/19/2021
P61624,11/18/2019,12/1/2021
P58435,5/30/2020,1/24/2022
P38604,12/4/2019,1/31/2021
P30656,12/1/2020,9/5/2021
P64836,2/11/2020,12/2/2021
P79193,6/20/2020,10/15/2021
P23409,10/4/2019,1/23/2021
P99700,6/18/2020,1/1/2021
P22058,7/10/2019,1/9/2021
P71174,6/19/2020,2/12/2022
P05283,11/11/2020,4/4/2021
P00207,12/30/2019,10/6/2021
P16700,8/20/2019,10/9/2021
P15206,8/16/2020,6/3/2021
P82444,4/14/2019,10/22/2021
P66623,10/24/2019,1/25/2022
P87917,3/3/2019,9/19/2021
P41450,3/28/2020,12/31/2020
P26979,12/17/2020,2/13/2021
P18505,5/9/2020,12/12/2021
P85500,6/16/2020,4/5/2021
P47489,5/6/2019,7/9/2021
P13969,5/9/2020,8/27/2021
P11837,4/25/2020,8/29/2021
P16327,10/14/2019,12/1/2021
P96188,3/21/2019,11/29/2021
P78988,11/17/2019,5/27/2021
P78354,3/1/2020,6/13/2021
P55552,3/2/2019,8/12/2021
P22982,8/12/2020,7/23/2021
P06072,8/12/2020,9/30/2021
P93750,4/26/2019,3/3/2021
P45835,9/5/2020,2/9/2022
P20987,11/10/2019,3/13/2021
P90263,4/21/2020,4/25/2021
P42428,6/28/2019,1/25/2021
P97397,5/12/2020,1/20/2021
P57684,12/23/2020,2/2/2022
P19407,2/11/2019,4/14/2021
P37406,12/18/2019,4/25/2021
P43219,4/30/2020,12/12/2021
P45396,7/2/2019,4/6/2021
P34913,7/18/2019,1/18/2021
P64828,3/29/2019,7/31/2021
P12554,4/17/2020,8/2/2021
P16494,1/10/2020,1/8/2022
P62391,10/8/2020,12/28/2021
P14942,12/14/2020,9/15/2021
P55863,11/11/2019,1/14/2022
P66948,5/10/2020,11/15/2021
P86682,12/7/2020,1/21/2022
P00391,2/17/2020,3/12/2021
P49327,5/24/2020,1/18/2021
P51093,12/5/2019,8/5/2021
P38722,5/2/2019,3/13/2021
P37874,9/7/2020,5/28/2021
P90880,6/30/2019,2/17/2021
P14301,10/16/2020,12/18/2021
P67193,8/23/2019,7/18/2021
P63136,7/9/2019,6/11/2021
P63162,4/15/2020,6/13/2021
P73388,7/3/2020,12/6/2021
P88972,9/4/2020,3/26/2021
P76820,4/3/2019,10/31/2021
P75989,12/29/2020,6/21/2021
P12092,1/31/2020,6/23/2021
P72700,10/16/2020,3/20/2021
P64435,5/8/2019,10/2/2021
P43650,8/15/2019,10/1/2021
P49959,10/12/2020,7/31/2021
P84788,4/7/2019,12/11/2021
P98503,3/8/2019,2/25/2021
P92488,7/8/2019,12/21/2021
P49313,12/3/2020,7/4/2021
P91950,5/1/2020,10/20/2021
P16116,10/16/2019,5/30/2021
P62886,9/22/2019,11/19/2021
P82327,11/4/2019,7/17/2021
P97808,3/1/2019,1/19/2022
P84807,2/20/2020,8/1/2021
P13839,5/20/2019,10/24/2021
P66351,4/10/2020,11/28/2021
P81783,12/16/2019,7/17/2021
P09011,10/11/2019,8/24/2021
P59322,4/17/2019,5/30/2021
P80438,2/10/2019,12/31/2021
P28700,1/15/2020,12/29/2021
P43555,11/16/2020,2/3/2021
P08777,4/20/2019,2/11/2021
P67965,8/25/2019,2/10/2022
P90250,2/27/2020,2/21/2022
P51040,8/10/2019,8/13/2021
P10831,6/8/2019,2/8/2022
P91709,4/18/2019,2/12/2021
P31562,2/1/2020,6/2/2021
P66362,5/18/2019,10/10/2021
P56373,7/13/2020,8/2/2021
P16389,7/30/2019,12/20/2021
P02805,6/27/2019,2/27/2021
P65635,7/13/2019,2/11/2021
P64692,10/29/2019,1/25/2021
P96515,5/25/2020,2/20/2022
P57855,9/2/2019,3/6/2021
P29365,11/30/2019,8/21/2021
P30896,1/24/2020,7/12/2021
P11785,5/10/2020,6/14/2021
P33254,12/6/2020,5/14/2021
P16076,9/13/2020,1/2/2021
P49127,9/12/2020,8/10/2021
P32252,11/12/2020,5/13/2021
P05282,12/27/2020,2/23/2021
P85696,12/18/2019,10/9/2021
P43190,9/29/2020,9/3/2021
P19516,10/18/2019,5/30/2021
P94731,11/22/2019,7/23/2021
P80682,2/26/2019,2/23/2021
P31218,1/25/2020,8/6/2021
P12561,10/5/2020,4/2/2021
P52166,7/24/2019,2/6/2021
P27925,3/31/2019,6/17/2021
P07426,9/11/2020,7/21/2021
P75786,6/21/2019,5/1/2021
P88337,1/13/2020,2/16/2022
P45422,11/19/2019,9/7/2021
P46051,4/12/2020,4/20/2021
P26932,6/15/2019,5/22/2021
P51610,5/1/2019,2/28/2021
P41786,7/25/2020,12/6/2021
P10985,2/7/2020,10/25/2021
P66593,9/28/2020,6/11/2021
P86389,12/25/2020,7/2/2021
P30102,10/3/2019,4/19/2021
P47207,5/20/2020,3/30/2021
P51631,10/25/2020,10/14/2021
P25101,9/21/2019,6/22/2021
P15051,8/30/2019,11/14/2021
P10333,8/26/2020,7/9/2021
P45368,9/26/2019,7/19/2021
P62847,12/22/2019,11/25/2021
P64528,4/7/2019,12/30/2021
P83092,12/25/2020,2/26/2021
P27083,10/17/2020,5/28/2021
P09987,7/13/2019,4/28/2021
P41475,12/15/2020,1/17/2021
P14068,7/16/2020,7/30/2021
P60598,3/5/2020,11/18/2021
P60023,8/1/2019,1/11/2021
P61901,1/24/2020,8/9/2021
P43554,8/29/2020,5/21/2021
P71228,7/30/2019,8/27/2021
P91869,1/18/2019,1/4/2021
P72880,1/22/2019,1/22/2022
P27680,3/29/2019,6/15/2021
P23500,8/12/2020,2/3/2022
P95844,8/19/2020,4/26/2021
P71290,6/3/2019,1/20/2022
P46234,12/23/2019,1/10/2021
P56541,5/6/2020,7/12/2021
P40976,7/7/2019,5/1/2021
P75307,11/20/2019,9/24/2021
P82712,7/5/2020,12/3/2021
P07039,10/7/2019,4/12/2021
P91821,3/25/2019,7/30/2021
P95571,10/28/2020,12/20/2021
P01054,3/25/2020,2/4/2021
P88883,1/27/2019,11/11/2021
P05552,4/16/2020,8/10/2021
P62120,7/14/2019,12/30/2021
P59465,1/10/2019,5/2/2021
P26685,7/31/2019,1/14/2021
P62072,12/22/2020,2/22/2022
P03875,8/30/2019,12/17/2021
P98107,9/1/2019,8/19/2021
P22484,12/21/2020,4/3/2021
P36192,11/3/2019,7/30/2021
P68394,10/26/2020,5/3/2021
P46231,8/17/2020,6/23/2021
P45496,3/26/2020,6/13/2021
P79150,12/10/2020,3/16/2021
P32577,10/19/2020,2/22/2021
P85111,8/4/2020,9/15/2021
P67635,11/15/2019,5/5/2021
P90704,9/9/2020,2/8/2021
P41916,8/28/2020,12/22/2021
P17866,5/12/2020,1/21/2022
P11955,7/1/2019,1/13/2022
P82406,1/24/2020,4/20/2021
P90331,2/6/2019,3/27/2021
P01385,12/1/2019,4/8/2021
P94524,3/19/2019,9/18/2021
P23078,11/21/2020,1/4/2022
P17244,5/12/2020,1/18/2022
P21030,8/26/2019,1/11/2021
P33147,12/14/2020,9/15/2021
P95915,7/20/2020,5/18/2021
P05511,3/18/2020,8/17/2021
P87146,10/11/2019,8/5/2021
P51703,11/23/2020,1/4/2021
P50132,2/4/2020,12/26/2021
P40215,6/11/2019,8/30/2021
P71145,1/20/2020,1/18/2022
P30266,6/28/2020,2/13/2021
P55329,4/18/2020,1/24/2021
P11269,6/30/2020,3/13/2021
P42957,1/22/2019,1/31/2022
P16203,5/11/2020,2/3/2022
P14070,11/4/2020,10/27/2021
P15588,5/28/2020,4/10/2021
P01864,11/4/2019,6/14/2021
P41240,8/3/2020,12/12/2021
P78279,6/13/2019,6/4/2021
P84175,1/13/2020,12/31/2021
P28942,2/7/2020,5/13/2021
P62967,11/7/2019,2/1/2021
P93368,5/26/2019,5/22/2021
P91479,5/26/2019,11/4/2021
P33022,7/28/2020,11/8/2021
P85730,3/4/2019,4/10/2021
P35745,5/7/2019,1/15/2022
P99324,12/25/2020,8/15/2021
P17617,11/3/2019,10/25/2021
P17137,6/23/2019,1/11/2021
P74612,8/4/2020,3/28/2021
P17817,5/1/2020,10/28/2021
P70849,10/11/2019,1/17/2021
P26124,12/19/2020,6/23/2021
P95059,7/18/2019,5/23/2021
P67235,4/6/2020,11/20/2021
P64400,8/3/2019,2/16/2022
P13574,11/21/2020,7/30/2021
P46376,2/10/2020,4/27/2021
P46766,6/30/2020,5/3/2021
P39022,2/29/2020,7/28/2021
P78311,10/19/2020,9/16/2021
P28863,12/24/2020,2/4/2022
P32004,1/7/2020,11/13/2021
P50573,4/6/2019,10/9/2021
P57507,9/8/2019,9/22/2021
P62788,7/28/2019,8/6/2021
P56409,7/13/2019,2/26/2021
P47551,1/26/2020,12/20/2021
P40482,12/26/2020,8/23/2021
P42837,6/24/2020,12/2/2021
P67992,10/20/2019,4/13/2021
P08943,5/24/2019,3/17/2021
P97484,3/17/2020,12/1/2021
P23351,10/26/2019,3/8/2021
P26497,8/13/2019,8/15/2021
P48914,10/23/2020,7/23/2021
P96555,3/18/2020,10/9/2021
P02378,8/19/2019,2/1/2022
P03264,4/27/2019,12/31/2021
P28900,10/21/2019,6/4/2021
P99604,7/9/2019,6/9/2021
P96478,6/12/2019,1/17/2021
P85268,11/9/2019,7/31/2021
P52590,4/9/2020,2/12/2021
P48814,7/13/2019,3/21/2021
P00781,6/10/2020,9/1/2021
P47789,4/9/2019,7/7/2021
P42969,4/24/2020,8/25/2021
P49035,12/23/2020,11/4/2021
P01553,8/2/2019,9/22/2021
P03729,3/2/2020,7/28/2021
P76626,1/4/2019,9/13/2021
P70889,2/13/2019,5/18/2021
P32773,2/11/2019,7/30/2021
P07902,8/19/2019,8/13/2021
P36855,8/23/2020,3/11/2021
P40024,7/2/2020,4/19/2021
P56877,3/23/2019,2/14/2022
P66125,8/3/2019,9/7/2021
P00887,5/4/2020,8/17/2021
P90942,3/9/2019,1/7/2022
P26855,5/26/2019,7/27/2021
P70514,1/14/2019,1/25/2021
P06137,2/10/2019,6/16/2021
P30861,1/1/2020,4/14/2021
P54828,5/19/2020,2/8/2022
P69689,8/11/2020,4/2/2021
P72344,4/9/2020,2/17/2022
P19726,12/7/2020,4/21/2021
P16867,8/20/2020,3/18/2021
P73624,8/31/2019,1/5/2022
P80706,4/16/2020,11/18/2021
P59667,6/21/2019,3/9/2021
P68082,9/13/2019,10/8/2021
P77478,11/19/2019,10/12/2021
P98786,2/17/2019,8/11/2021
P87385,6/10/2020,4/20/2021
P97466,4/28/2020,2/19/2022
P43784,10/22/2020,9/29/2021
P60677,9/7/2020,6/3/2021
P90571,5/8/2019,1/20/2021
P63228,6/2/2019,5/17/2021
P33768,11/15/2020,5/2/2021
P11353,5/26/2019,6/13/2021
P12792,6/16/2019,4/25/2021
P35748,8/12/2019,12/17/2021
P15378,7/8/2019,2/20/2022
P42697,6/25/2019,8/14/2021
P33379,1/25/2019,12/19/2021
P09573,4/18/2019,2/11/2021
P03728,3/8/2020,3/22/2021
P75910,4/16/2020,12/19/2021
P99054,10/15/2020,11/9/2021
P08643,7/5/2019,2/3/2022
P96329,7/7/2019,2/5/2021
P66857,8/29/2020,3/23/2021
P36952,7/9/2020,9/17/2021
P36131,11/30/2019,12/29/2021
P79874,6/9/2020,1/7/2021
P17770,9/24/2020,1/12/2022
P69630,8/14/2020,4/29/2021
P58474,5/13/2019,7/29/2021
P56744,9/23/2020,8/11/2021
P66728,9/25/2019,1/7/2022
P10388,10/25/2019,5/3/2021
P26140,7/31/2020,8/6/2021
P32444,5/31/2019,1/3/2021
P91546,1/29/2020,2/6/2022
P59650,10/2/2019,5/5/2021
P50242,9/3/2019,3/12/2021
P07397,6/10/2020,9/25/2021
P83625,4/22/2020,2/21/2021
P38361,4/29/2019,7/13/2021
P85822,4/8/2019,8/30/2021
P19093,10/31/2020,9/20/2021
P87416,10/13/2020,6/6/2021
P89555,8/10/2020,11/16/2021
P61796,2/26/2020,10/16/2021
P99975,8/26/2019,6/9/2021
P58161,3/8/2019,2/20/2021
P75227,5/21/2019,10/9/2021
P56590,7/4/2019,6/18/2021
P39594,12/2/2019,12/13/2021
P23839,3/11/2019,3/5/2021
P14865,2/14/2019,7/14/2021
P00587,5/15/2019,5/27/2021
P03874,3/28/2019,3/20/2021
P36083,6/17/2019,7/9/2021
P91586,10/21/2020,4/11/2021
P27972,8/19/2019,5/26/2021
P06871,4/8/2019,7/28/2021
P59261,5/22/2019,2/16/2021
P02961,2/6/2019,8/31/2021
P12267,3/10/2020,4/20/2021
P75049,2/11/2020,10/12/2021
P58903,4/14/2019,6/21/2021
P12379,12/19/2020,1/25/2021
P27581,2/24/2020,1/26/2021
P41511,7/19/2020,1/7/2022
P62277,2/13/2019,12/26/2021
P52043,11/26/2020,3/18/2021
P82316,10/1/2020,2/3/2021
P10288,6/17/2019,7/12/2021
P31252,10/16/2020,3/11/2021
P86688,11/26/2019,3/31/2021
P00125,2/2/2020,3/9/2021
P70429,3/13/2019,1/8/2022
P13758,3/19/2020,2/13/2021
P91180,11/5/2019,8/26/2021
P10979,11/6/2019,6/1/2021
P53829,4/14/2019,12/27/2021
P23613,7/22/2020,2/18/2022
P41699,5/1/2020,1/19/2021
P66485,10/30/2020,8/23/2021
P48137,5/23/2020,5/13/2021
P27682,7/21/2019,3/9/2021
P29196,9/4/2019,11/16/2021
P17713,6/20/2019,11/11/2021
P38326,8/12/2019,4/17/2021
P01064,4/18/2019,3/4/2021
P35292,2/14/2019,5/8/2021
P35873,1/19/2020,9/1/2021
P30813,7/28/2020,2/15/2021
P84235,8/29/2020,4/9/2021
P97819,4/20/2020,8/30/2021
P83294,5/27/2020,2/9/2021
P38334,9/29/2020,3/6/2021
P90762,2/9/2020,4/17/2021
P68181,12/26/2019,8/14/2021
P04392,11/29/2020,8/8/2021
P68455,1/28/2019,2/14/2021
P62230,7/3/2020,3/2/2021
P19906,7/8/2020,12/21/2021
P65456,9/15/2019,1/6/2022
P78720,10/11/2020,6/13/2021
P20701,11/1/2019,9/4/2021
P59470,5/27/2019,10/18/2021
P26237,1/17/2020,6/22/2021
P73368,12/29/2019,1/28/2021
P92264,5/28/2019,1/13/2021
P97386,5/11/2019,4/27/2021
P17349,1/7/2020,1/22/2021
P16041,5/5/2020,9/15/2021
P68922,5/30/2019,10/11/2021
P24600,3/1/2019,7/4/2021
P11734,11/7/2019,12/10/2021
P66476,2/22/2020,6/25/2021
P82296,3/14/2019,5/7/2021
P32777,7/26/2020,1/17/2022
P95237,1/2/2019,4/6/2021
P14091,8/4/2019,10/7/2021
P08698,2/13/2020,9/16/2021
P09549,7/2/2019,3/28/2021
P96236,11/26/2020,11/19/2021
P08212,1/3/2019,12/22/2021
P68474,2/10/2020,5/3/2021
P07505,9/8/2020,12/6/2021
P29996,5/25/2019,3/26/2021
P08934,1/26/2019,8/14/2021
P33116,11/24/2019,4/27/2021
P77711,8/23/2019,5/15/2021
P75760,10/24/2020,1/4/2021
P22921,5/20/2020,1/9/2022
P47052,4/30/2019,1/19/2022
P91030,7/13/2019,3/20/2021
P26523,7/5/2020,12/11/2021
P22727,12/10/2019,4/14/2021
P92867,5/2/2020,9/22/2021
P29653,5/15/2020,8/2/2021
P28742,2/16/2020,1/28/2021
P69963,10/31/2019,4/13/2021
P12104,2/9/2019,8/8/2021
P19881,3/31/2020,6/9/2021
P38469,7/18/2019,12/11/2021
P85089,6/17/2020,10/3/2021
P70600,12/1/2020,10/25/2021
P46558,1/16/2019,6/16/2021
P88167,11/8/2019,7/14/2021
P49377,4/15/2020,1/21/2022
P19111,3/9/2020,2/27/2022
P26140,10/28/2020,8/21/2021
P67702,9/12/2019,8/27/2021
P22839,5/2/2020,1/3/2022
P89335,1/28/2019,4/23/2021
P44494,8/5/2020,2/24/2022
P77068,2/14/2019,9/28/2021
P42158,11/7/2019,6/9/2021
P55144,1/20/2019,1/31/2021
P50039,2/5/2019,7/2/2021
P08493,7/23/2020,8/3/2021
P47453,1/22/2020,1/6/2021
P88313,5/12/2020,2/17/2022
P57699,8/13/2019,8/16/2021
P39830,9/21/2020,4/26/2021
P08456,5/16/2019,1/20/2021
P30344,4/19/2019,6/30/2021
P69931,8/27/2020,1/16/2021
P81811,4/17/2019,9/21/2021
P78213,2/18/2019,9/9/2021
P54650,3/4/2020,1/10/2022
P99369,2/16/2020,5/22/2021
P90485,10/16/2020,2/26/2022
P42497,5/2/2020,8/10/2021
P77739,10/1/2019,11/13/2021
P93837,2/5/2019,1/1/2022
P76386,6/7/2020,11/17/2021
P50868,12/4/2019,1/12/2021
P18143,3/16/2020,1/3/2022
P76169,9/14/2020,4/3/2021
P90744,1/3/2020,1/20/2021
P38415,12/17/2019,9/9/2021
P81956,12/21/2020,11/3/2021
P54002,7/26/2019,7/29/2021
P69797,11/24/2019,2/1/2022
P07877,9/29/2019,8/10/2021
P27114,7/7/2020,1/12/2021
P92842,7/2/2019,1/3/2022
P48696,10/15/2020,4/3/2021
P77935,2/7/2019,12/20/2021
P42890,4/8/2020,7/12/2021
P34248,6/10/2019,6/19/2021
P76705,5/14/2020,5/26/2021
P88637,7/19/2020,3/16/2021
P44418,8/5/2020,10/11/2021
P46250,4/8/2019,6/29/2021
P76054,1/13/2020,1/10/2022
P00119,4/17/2019,12/10/2021
P42777,6/14/2019,1/7/2021
P59262,6/14/2019,11/7/2021
P60842,7/21/2020,5/8/2021
P15906,10/17/2019,12/28/2021
P27623,3/13/2020,1/10/2021
P63936,9/23/2020,5/17/2021
P54228,10/21/2019,10/23/2021
P57855,8/22/2020,1/22/2022
P96179,12/7/2019,7/6/2021
P29277,1/19/2020,1/10/2022
P99398,12/2/2019,5/19/2021
P79219,10/25/2019,8/14/2021
P52630,1/26/2020,1/29/2021
P97936,8/23/2020,6/23/2021
P43322,6/14/2019,5/13/2021
P95926,5/3/2019,6/20/2021
P69081,5/7/2019,7/28/2021
P08463,8/16/2020,4/9/2021
P48407,5/14/2019,11/9/2021
P95493,5/25/2019,8/16/2021
P30233,7/13/2020,2/12/2022
P47961,2/23/2019,10/21/2021
P67080,8/4/2020,7/12/2021
P72360,7/24/2019,2/15/2021
P67572,3/20/2019,5/15/2021
P77165,12/1/2020,1/29/2021
P03364,6/12/2019,10/17/2021
P92342,9/7/2019,10/6/2021
P81788,1/7/2020,1/14/2021
P58915,6/8/2020,9/4/2021
P34096,9/23/2019,2/14/2021
P31960,11/24/2020,6/21/2021
P19269,12/22/2020,10/17/2021
P76486,10/7/2019,10/11/2021
P74287,9/20/2020,9/3/2021
P32060,6/13/2020,9/17/2021
P35826,6/29/2019,7/8/2021
P32250,12/18/2019,2/28/2022
P00448,4/17/2019,12/24/2021
P32663,10/19/2020,11/10/2021
P49086,3/22/2019,1/4/2021
P38794,7/8/2019,9/12/2021
P42351,8/15/2019,2/5/2022
P04587,8/2/2019,7/11/2021
P37253,11/9/2019,12/19/2021
P41965,4/16/2020,11/5/2021
P61695,5/24/2019,11/13/2021
P94330,1/29/2020,11/21/2021
P35367,1/21/2020,11/9/2021
P99414,4/2/2019,4/12/2021
P80281,9/28/2019,4/27/2021
P81977,6/23/2019,8/25/2021
P02097,8/18/2020,3/28/2021
P39556,10/1/2020,2/4/2022
P33194,7/19/2019,5/5/2021
P75326,2/27/2019,7/3/2021
P23509,4/9/2020,10/8/2021
P99161,10/7/2019,4/5/2021
P05276,4/25/2019,4/6/2021
P58978,7/7/2019,10/12/2021
P15934,8/15/2020,11/6/2021
P05131,8/31/2020,5/2/2021
P11879,7/3/2019,5/23/2021
P23755,5/31/2020,8/19/2021
P71349,1/23/2019,2/19/2021
P52243,10/20/2019,10/24/2021
P94409,7/23/2019,10/28/2021
P15491,11/29/2019,1/12/2022
P45699,12/14/2020,11/21/2021
P26944,5/29/2020,8/10/2021
P90203,10/26/2020,12/19/2021
P48442,1/31/2019,10/3/2021
P94461,5/2/2019,4/4/2021
P04339,3/27/2020,7/30/2021
P75399,8/16/2020,9/10/2021
P72700,5/10/2019,8/31/2021
P17929,9/11/2019,8/6/2021
P01779,9/6/2019,10/11/2021
P70345,11/7/2019,2/28/2021
P77452,4/27/2020,4/19/2021
P69079,4/30/2019,6/2/2021
P96215,2/23/2019,11/9/2021
P37012,8/28/2020,8/5/2021
P73580,8/29/2019,10/2/2021
P71366,1/20/2019,2/19/2022
P00939,6/26/2019,5/25/2021
P63661,5/15/2019,6/9/2021
P80359,10/31/2019,10/19/2021
P25516,4/12/2020,1/2/2022
P07045,11/2/2020,9/18/2021
P87891,2/23/2019,11/27/2021
P22728,11/10/2020,7/9/2021
P42754,9/2/2020,3/18/2021
P50292,5/19/2019,4/4/2021
P78612,7/13/2020,12/9/2021
P68019,4/27/2020,6/17/2021
P02186,3/19/2020,8/1/2021
P27352,9/26/2019,2/27/2021
P02486,11/6/2019,2/20/2021
P11849,12/31/2019,1/21/2022
P07346,3/20/2020,8/31/2021
P36134,7/21/2020,9/16/2021
P71672,10/23/2020,5/14/2021
P20529,7/16/2019,11/14/2021
P56440,8/28/2020,1/27/2021
P05981,6/22/2019,8/11/2021
P66749,7/12/2019,3/10/2021
P73129,11/19/2020,6/30/2021
P76370,3/29/2019,3/1/2021
P54560,8/11/2019,5/18/2021
P15369,5/16/2020,10/12/2021
P12740,10/21/2020,1/14/2022
P70835,10/8/2020,1/2/2021
P03251,7/14/2019,2/8/2021
P52056,11/9/2020,5/13/2021
P99909,7/31/2020,3/26/2021
P36963,7/7/2020,7/17/2021
P63201,1/5/2020,1/12/2021
P07720,9/28/2020,6/25/2021
P72214,2/14/2020,2/7/2021
P90337,3/25/2019,6/19/2021
P80646,10/28/2020,1/7/2022
P07653,10/28/2019,6/1/2021
P40201,3/24/2019,4/4/2021
P74323,9/4/2020,11/18/2021
P26101,11/17/2019,8/15/2021
P13550,7/20/2020,9/24/2021
P66884,7/12/2020,7/10/2021
P49728,9/5/2019,3/23/2021
P71292,11/10/2020,1/22/2021
P03297,11/7/2019,3/25/2021
P88613,10/29/2020,4/21/2021
P37315,3/28/2020,8/13/2021
P34532,4/8/2020,1/17/2021
P42421,12/21/2020,10/13/2021
P81215,5/2/2020,6/8/2021
P80409,2/25/2020,8/25/2021
