id,car_brand,car_registration_year,car_eng_pow,customer_age,postal_code,claim_amount,policy_id,marital_status
1,Mazda,2004,80,50,78925 CEDEX 9,403.08,P23850,2
2,Buick,1997,323,54,2718,,P54908,
3,Hyundai,2003,392,36,,1254.61,P70492,1
4,Dodge,1998,238,41,,929.88,P41206,1
5,Buick,1996,74,98,36-212,1428.29,P18037,1
6,Pontiac,2009,53,53,5874,,P45394,
7,Pontiac,1965,203,50,35198-000,1166.45,P13944,2
8,Dodge,1996,105,92,4805-191,778.94,P54254,1
9,Volvo,2005,110,83,H71,1358.69,P53994,2
10,Audi,2012,152,71,,0.42,P53867,2
11,Volvo,2005,234,92,71404 CEDEX,2107.43,P48596,1
12,Studebaker,1964,206,64,,863.75,P42654,1
13,Volkswagen,1998,188,16,,1311.64,P09668,1
14,Toyota,2009,227,63,403 39,21.45,P21918,2
15,Toyota,2007,101,88,,903.94,P00286,1
16,Lincoln,2007,59,53,,1234.56,P08044,2
17,GMC,1994,313,32,851078,1524.36,P05313,2
18,Acura,1993,,,,1217.36,P85622,1
19,Mercedes-Benz,2008,297,79,,1649.98,P31854,1
20,Bentley,2006,244,20,8970-055,480.45,P58246,1
21,Kia,2006,372,24,4380,1214.82,P19835,1
22,Toyota,2012,259,80,5021,379.97,P31187,2
23,Porsche,2004,345,83,2605-129,876.19,P34101,2
24,Dodge,1994,106,29,40110,2446.17,P34927,2
25,Chevrolet,2011,99,21,,1431.24,P82425,1
26,Buick,1992,248,97,,932.64,P77079,2
27,Cadillac,2007,299,22,,2499.98,P54770,2
28,Chevrolet,1996,137,59,111971,37.75,P42795,1
29,Smart,2012,138,68,41905,,P65445,
30,Hummer,2004,367,55,M4N,852.89,P50249,1
31,Isuzu,1999,150,16,4514,624.9,P37787,1
32,Isuzu,1994,118,86,98044,2347.9,P84324,1
33,Mazda,2010,137,97,,1821.65,P88397,1
34,Acura,1998,213,78,2530-285,516.61,P33185,2
35,Volkswagen,2008,217,62,,374,P45400,2
36,Ford,2000,278,90,W23,514.38,P65659,2
37,Chrysler,2011,362,90,11120,249.69,P42673,2
38,Acura,2009,104,61,761548,958.67,P55576,1
39,Chevrolet,2000,187,83,735 41,833,P24949,1
40,Mazda,1993,52,56,7109,2143.65,P08617,2
41,Toyota,1998,156,73,78181 CEDEX,267.36,P74316,2
42,Mercedes-Benz,2008,416,91,4950-719,1836.94,P01247,2
43,Isuzu,1996,464,70,,1073.87,P16034,1
44,Chevrolet,2006,453,33,86062 CEDEX 9,2075.44,P04619,2
45,Mercedes-Benz,2000,121,87,,1193.57,P21330,1
46,GMC,2000,155,69,,1115.87,P78082,2
47,Hummer,2006,497,61,,1285.56,P20211,2
48,Hyundai,2008,490,30,,968.63,P07484,1
49,Ford,1988,237,51,1058,998.66,P34572,1
50,GMC,2006,255,72,,496.87,P59452,1
51,Dodge,2001,479,38,,1307.42,P94159,1
52,Chevrolet,2008,214,44,,1449.81,P92119,2
53,Honda,2012,87,97,,722.34,P22275,2
54,Ford,1986,294,39,,1881.35,P31174,1
55,Infiniti,2010,67,77,94627,2397.76,P56459,1
56,Chrysler,1995,386,85,,184.42,P66705,1
57,Audi,2009,419,23,,727.21,P83113,1
58,Chevrolet,1996,469,38,8404,2028.58,P55070,1
59,BMW,1993,196,89,404622,622.98,P25636,2
60,Aston Martin,2007,256,87,9034,656.74,P87652,2
61,Chrysler,2003,490,33,,545.99,P83958,1
62,Toyota,2012,230,17,79204 CEDEX,,P57478,
63,Lexus,2003,148,58,,,P58760,
64,Infiniti,2009,305,24,664082,1292.34,P30402,2
65,Toyota,1982,421,78,,1649.97,P77051,1
66,GMC,2005,432,20,,1408.42,P31189,2
67,Toyota,2008,383,28,,1799.72,P47386,2
68,Mitsubishi,1987,405,45,,2441.53,P04432,2
69,Pontiac,1988,106,53,430 01,699.16,P40183,1
70,Aston Martin,2012,458,25,,150.38,P06435,2
71,Toyota,2002,217,72,62214,1023.17,P44337,1
72,Volkswagen,1988,238,45,,538.87,P38527,2
73,Honda,2001,264,34,572 27,2139.67,P54451,1
74,Jeep,2008,330,38,,437.99,P48004,2
75,Mazda,1986,295,80,467-0862,1361.1,P21931,2
76,Chevrolet,1996,100,51,,1192.64,P82996,1
77,Mitsubishi,2011,105,26,,1784.58,P26120,2
78,Buick,2003,259,42,676776,94.33,P36294,2
79,Nissan,2010,406,23,,2253.36,P37136,1
80,Honda,2004,58,16,1696,1273.93,P72037,1
81,Nissan,1998,330,60,3025-483,2089.45,P35783,2
82,Nissan,2007,381,20,55635,71.89,P19828,2
83,Suzuki,2011,344,59,62010 CEDEX,269.33,P63814,2
84,Aptera,2010,262,66,6006,1027.4,P23187,1
85,Hyundai,2012,421,100,7729,420.95,P20158,1
86,Isuzu,1999,336,55,,937.52,P40278,1
87,Honda,2004,206,79,,1328.16,P57535,2
88,Mitsubishi,1993,236,88,141707,386.88,P48210,2
89,Pontiac,1966,358,82,94237,554.2,P16374,1
90,GMC,2010,421,43,1316,964.33,P22218,2
91,Subaru,2008,418,22,684058,2116.6,P14465,1
92,Chevrolet,2001,103,30,,275.12,P48025,2
93,Infiniti,1994,467,49,,1073,P56049,2
94,Nissan,1995,187,52,4620-091,1032.27,P74114,2
95,Chevrolet,1995,435,46,301113,1271.67,P63282,1
96,Ford,2008,392,61,,877.87,P38224,2
97,Subaru,1997,374,42,,673.88,P00155,2
98,GMC,2005,69,26,,1907.79,P38996,1
99,Acura,1992,444,83,,1602.31,P55982,2
100,Volkswagen,2005,139,77,,2206.12,P37480,1
101,Ford,1996,58,35,,1798.24,P11953,2
102,Chevrolet,1994,435,85,62254 CEDEX,769.3,P17740,2
103,Chrysler,2006,366,44,,128.76,P03442,1
104,BMW,2000,313,53,92139 CEDEX,2211.15,P05576,1
105,Mercedes-Benz,2000,458,79,11305,,P76856,
106,BMW,1999,414,52,P0W,724.73,P29911,1
107,Honda,1997,247,20,,285.33,P44992,1
108,Chrysler,2005,283,63,538 42,832.28,P62821,2
109,Mazda,1989,304,53,21281,814.02,P53053,2
110,Mazda,1994,138,26,,1300.15,P18172,1
111,Dodge,1997,323,48,,97.57,P68422,1
112,Nissan,1992,185,73,,1200.94,P42235,1
113,Mitsubishi,2011,239,42,13-306,728.04,P44402,2
114,Mercury,1999,251,71,,2291.73,P89671,2
115,Honda,2000,338,56,,678.09,P78849,2
116,Toyota,1997,320,75,74060,1323.49,P97122,1
117,Honda,2006,180,60,,9.27,P86716,1
118,Jeep,2009,125,20,10004,1207.63,P85416,1
119,Maserati,1989,56,49,94000-000,834.31,P14586,1
120,Audi,2009,68,53,,240.74,P42252,1
121,Mitsubishi,2004,484,57,6324,1504.69,P10982,1
122,Pontiac,1979,382,94,80104 CEDEX,2267.56,P79083,1
123,Cadillac,2008,419,32,90040,1600.38,P70101,2
124,Honda,1983,492,63,,1106.32,P74625,2
125,Jaguar,2001,188,51,4950-070,1612.65,P51523,2
126,Audi,1998,52,51,97279 CEDEX,667.64,P90460,1
127,Nissan,2010,427,84,,250.66,P96982,1
128,Mercury,2005,338,88,,757.24,P16217,2
129,Land Rover,1997,496,89,188649,1093.69,P39773,1
130,Toyota,2012,328,56,822,1096.46,P68415,2
131,Ford,1965,403,23,44265 CEDEX 2,2265.84,P16163,2
132,Acura,2005,340,21,,2118.55,P18577,2
133,Audi,1987,377,57,,1772.99,P55381,2
134,Chevrolet,2008,147,68,,330.34,P04313,1
135,Mitsubishi,2003,476,99,,1491.03,P41978,1
136,Toyota,2012,241,47,,550.98,P98208,2
137,Maserati,2006,297,35,92684 CEDEX,,P08551,
138,Saab,1997,179,39,422549,1058.82,P29097,1
139,Mercedes-Benz,2001,,,,269.95,P09519,1
140,Toyota,2007,397,33,,321.81,P59173,2
141,Chevrolet,2009,278,42,,1344.26,P57652,2
142,Mitsubishi,2010,289,30,,1895.84,P94796,1
143,Mitsubishi,1993,150,80,,2011.01,P57085,1
144,BMW,2000,58,44,,2265.22,P53125,1
145,Mazda,2005,174,73,36970-000,85.12,P63256,2
146,Mazda,2008,77,35,9700-602,2043.73,P89391,1
147,Audi,1985,406,64,,1816.29,P02537,1
148,Cadillac,2012,265,32,4219,,P79636,
149,Mercedes-Benz,2011,66,50,363704,2018.15,P13874,1
150,Toyota,2001,117,80,,169.16,P57480,2
151,Volvo,1999,257,25,58-580,1175.13,P93558,2
152,Kia,2003,465,17,307754,2432.36,P78755,1
153,Chevrolet,2003,483,79,,936.4,P64306,2
154,Dodge,1999,260,42,169060,879.36,P15350,2
155,Holden,1995,320,26,,1436.99,P50546,1
156,Chevrolet,1993,378,59,1237,102.6,P77798,2
157,Mercury,1989,96,40,,955.33,P45838,1
158,Volkswagen,2012,335,40,K1Y,2171.69,P15241,1
159,BMW,2005,54,33,402-0056,1465.44,P36826,2
160,Mazda,1998,497,27,,1656.2,P15945,1
161,Nissan,2001,233,50,32-744,26.64,P74833,1
162,Plymouth,2000,351,83,,1804.04,P58836,1
163,Pontiac,1968,459,99,15240,2300.2,P67563,2
164,Chevrolet,2000,442,93,E2L,2106.2,P16053,2
165,Cadillac,1997,179,41,,170.22,P85821,2
166,GMC,1996,321,77,66-008,1689.35,P86395,2
167,Land Rover,2000,391,46,2657,2289.37,P91027,1
168,MINI,2002,301,75,,2143.07,P21082,2
169,Honda,2003,345,50,9800-026,488.93,P81013,1
170,Volkswagen,2010,449,20,,258.74,P24049,2
171,Lexus,2008,324,37,13425 CEDEX 12,2384.61,P52821,2
172,Honda,1988,355,27,,235.02,P33705,1
173,Ford,2003,95,95,671235,1200.57,P39557,1
174,Oldsmobile,1993,292,67,,1300.28,P06490,1
175,Dodge,2009,54,49,,1976.06,P56815,2
176,Oldsmobile,1992,260,64,,2165.22,P73326,2
177,Mercedes-Benz,2006,58,20,,2377.86,P84847,1
178,Chevrolet,2000,332,62,,1880.14,P60701,2
179,Toyota,1993,185,67,55441,2230.64,P09637,2
180,Jeep,2012,355,76,,1086.65,P66754,2
181,Lincoln,2009,115,22,839-1407,1890.05,P23270,2
182,Chevrolet,2005,66,68,,253.63,P24233,1
183,Subaru,1989,131,35,,2067.14,P97934,2
184,Pontiac,1990,195,18,4511,423.54,P97937,2
185,Buick,1998,371,33,,823.59,P34570,2
186,Hyundai,2003,,,,,P65639,
187,Toyota,2001,479,76,,2073.08,P53039,2
188,Saab,1999,432,70,,360.34,P91869,1
189,Dodge,2002,410,24,44695-000,1770.05,P97807,1
190,Infiniti,2000,319,53,74964 CEDEX,1539.16,P58698,1
191,Dodge,2008,401,67,77305,217.9,P47161,1
192,Acura,2005,347,67,75460-000,695.41,P99575,2
193,Ford,1973,321,55,,751.66,P78672,2
194,GMC,2012,160,21,,1052.85,P85761,2
195,Chevrolet,2002,360,100,142649,1824.2,P10251,1
196,Chevrolet,2002,325,78,,2275.86,P52838,1
197,Isuzu,2002,74,44,,764.21,P92078,1
198,Buick,1995,108,20,,1097.58,P20751,1
199,Dodge,2003,368,32,,1131.88,P40566,2
200,Audi,2008,462,35,877-1107,21.03,P42445,2
201,Subaru,2004,116,97,,2113.77,P32675,2
202,Toyota,1993,60,58,,316.4,P59862,2
203,Mazda,2005,304,81,,2409.77,P66293,2
204,Volkswagen,1993,466,78,,1466.21,P20956,2
205,Buick,2005,53,42,617191,2421.21,P63198,1
206,GMC,2000,131,96,,2480.02,P66838,2
207,Ford,1988,423,20,300-0636,2324.88,P28621,2
208,Mazda,1990,165,86,7006,1074.46,P29017,1
209,Toyota,2008,460,81,,1410.06,P22394,1
210,Chevrolet,1997,118,88,,1002.48,P61282,1
211,Ford,1989,201,30,,2305.02,P37215,1
212,Chrysler,2003,308,53,,895.88,P25682,2
213,Mercury,1998,239,23,8421,416.85,P66776,2
214,Toyota,1995,475,19,742 83,9.49,P32465,2
215,GMC,2002,470,37,86350,1708.05,P88833,2
216,Toyota,2010,327,77,55417,2235.46,P16709,2
217,Lexus,2007,83,40,70630,1103.54,P51620,2
218,Mercedes-Benz,2004,303,51,,381.37,P74605,1
219,Mitsubishi,1989,295,65,1981,1480.14,P59551,2
220,Mercury,1989,120,48,,1582.88,P53433,1
221,Lexus,2013,406,56,30033,2372.68,P19859,1
222,Ford,2009,,,,1092.71,P52488,1
223,Ford,1966,367,75,60284,1054.62,P97321,2
224,Land Rover,1991,60,67,55457,2321.71,P90440,2
225,Toyota,2007,186,29,,751.26,P81100,2
226,Mercedes-Benz,2012,382,92,,937.84,P54720,1
227,Chevrolet,2000,165,72,2102,314.5,P73665,1
228,Mitsubishi,2007,76,56,705039,998.47,P90176,1
229,Volvo,2008,208,32,,1029.16,P38867,1
230,Chevrolet,2011,374,56,3060-681,136.53,P41060,1
231,Chevrolet,1999,371,27,,1975.07,P08328,1
232,Ford,1986,226,62,,2021.13,P51460,2
233,Volkswagen,1999,420,41,633-0245,367.4,P73568,2
234,Chevrolet,1977,154,32,50740,143.21,P61903,2
235,Chevrolet,2012,93,94,,2171.07,P26132,2
236,Dodge,2009,221,20,,1540.02,P04589,2
237,Hummer,2000,124,20,,,P13554,
238,Kia,2003,348,95,,1927.5,P03114,1
239,Mitsubishi,2002,82,17,,828.29,P69116,1
240,Plymouth,1994,149,70,519 81,1647.04,P84186,2
241,Dodge,2009,434,87,,1910.51,P08265,1
242,BMW,2011,130,60,,1009.38,P54789,2
243,Chrysler,2004,250,62,85-156,201.08,P95362,1
244,Chevrolet,2006,364,22,,1842.16,P77031,1
245,Ford,2008,198,46,851 03,1677.95,P52681,2
246,Maserati,2005,229,48,,133.76,P66306,1
247,Subaru,1995,476,50,,1239.63,P89129,1
248,Plymouth,1995,490,72,,470.95,P10416,2
249,Chevrolet,1961,77,100,2820,520.9,P74203,1
250,Cadillac,2010,191,21,5050-345,2296.73,P06300,2
251,Mitsubishi,1993,473,33,284 32,2460.83,P31961,2
252,MINI,2012,115,79,,2242.46,P19699,2
253,Honda,2006,320,29,,628.72,P65562,1
254,Mitsubishi,1987,61,33,,2402.13,P12249,2
255,GMC,1992,120,53,,1527.1,P56599,1
256,Studebaker,1964,206,73,,669.4,P86821,1
257,Ford,1984,467,95,,2242.39,P95659,1
258,Maserati,1990,159,75,35203 CEDEX 2,1065.85,P17898,1
259,Subaru,1992,401,21,,1090.76,P70330,2
260,Ford,1999,250,60,,438.53,P25786,2
261,Ford,1966,,,,1900.45,P37730,1
262,Pontiac,2002,110,52,8331,1615.51,P14671,1
263,Eagle,1998,108,40,,1583.72,P06182,2
264,Land Rover,2004,126,40,29601,586.53,P24325,1
265,Cadillac,2002,212,49,,2451.17,P27260,1
266,Pontiac,2005,472,19,6773,901.72,P06705,1
267,Chevrolet,1999,182,68,,2289.18,P54616,1
268,Toyota,1993,413,24,6328,1385.99,P41636,1
269,Lincoln,1999,172,61,89759,,P32526,
270,Suzuki,2005,400,34,,819.12,P41887,2
271,Nissan,2012,280,32,63150,654.62,P16485,1
272,GMC,2006,139,94,,1637.83,P07980,2
273,Mitsubishi,1996,169,94,,1870.25,P58618,2
274,Acura,2008,487,42,2755-123,268.25,P45133,1
275,Pontiac,2005,236,61,,2270.86,P85587,1
276,Mitsubishi,1991,93,100,52160,2215.89,P94659,2
277,Land Rover,2000,53,18,,1888.88,P91478,2
278,Lexus,2004,71,83,453480,2082.07,P07650,2
279,Saturn,1996,265,90,,973.13,P87794,1
280,Land Rover,2003,87,45,,697.04,P15403,2
281,Eagle,1993,366,67,,2435.29,P93085,1
282,Oldsmobile,1998,236,52,2428,173.36,P55882,1
283,Chevrolet,2003,399,18,,,P73951,
284,Porsche,2012,371,39,2417,1013.28,P08618,1
285,Volkswagen,2012,307,82,76600,180.17,P65704,2
286,Ford,1999,67,52,,,P70938,
287,Mercury,1999,454,66,3317,781.89,P93159,1
288,Kia,2007,183,79,,2357.11,P38998,1
289,Audi,1997,154,31,,852.61,P00091,1
290,Chrysler,1993,181,62,47849,1134.84,P16682,2
291,Subaru,2010,205,57,49309 CEDEX,632.92,P20821,1
292,Lexus,2008,51,21,,1708.69,P77983,1
293,BMW,2002,277,45,93120,911.97,P87029,1
294,Suzuki,1992,229,63,,440.44,P86026,1
295,Chevrolet,2006,364,45,,991.67,P23177,1
296,Land Rover,2008,345,88,,991.79,P09601,1
297,Suzuki,1998,476,63,08-455,1296.29,P32014,1
298,Pontiac,2005,301,73,,93.09,P79634,1
299,Chevrolet,2007,286,79,58-263,1011.14,P18400,1
300,Bentley,2007,378,32,166004,227.18,P18375,2
301,Suzuki,1986,286,63,,1898.58,P79571,2
302,BMW,2001,222,17,,2213.29,P82256,2
303,Chevrolet,1996,90,42,,1617.21,P29295,1
304,Mitsubishi,1997,274,45,,1111.39,P81591,1
305,Volkswagen,2010,154,63,454092,1366.6,P51683,2
306,Maserati,1986,234,67,,1086.88,P50267,1
307,Lamborghini,1998,368,30,,,P55672,
308,Buick,1999,288,17,,584.48,P68292,1
309,Chevrolet,2012,275,83,,612.6,P67319,1
310,Subaru,2001,137,58,G6W,1338.71,P08906,2
311,Chevrolet,1980,358,49,36-042,1094.8,P97976,1
312,Chevrolet,2008,351,31,,596.41,P98756,1
313,Nissan,1998,102,84,692385,620.27,P26280,2
314,GMC,1997,50,38,,1962.88,P23172,2
315,Toyota,1992,416,67,15240,328.74,P16000,2
316,Toyota,1994,146,65,30034 CEDEX 1,360.89,P17956,2
317,Audi,2012,191,49,,901.35,P90044,1
318,Volvo,2008,139,45,,195.07,P08970,2
319,Jaguar,2011,127,76,,2211.38,P49525,2
320,Citroën,1974,178,52,45440,2212.5,P36074,2
321,Ford,2004,168,70,36210,888.75,P47393,1
322,Honda,2011,101,62,82-103,,P57844,
323,Ford,2003,169,33,69446 CEDEX 03,2394.75,P89596,1
324,Isuzu,2001,102,25,18004,220.29,P07454,2
325,Volvo,2011,285,69,,2333.24,P60962,1
326,Volvo,2000,125,83,25590,706.05,P01701,1
327,Mazda,1984,408,81,929-0341,28.91,P28223,2
328,Lincoln,2003,388,62,8206,1896.65,P41400,1
329,Mitsubishi,1992,457,39,M14,485.1,P98303,2
330,Toyota,2001,198,43,6534,2220.45,P47002,2
331,Audi,2011,418,22,12955-000,,P31193,
332,Mazda,1989,52,91,,2090.97,P85467,2
333,Mercedes-Benz,1990,363,65,,1067.18,P53060,1
334,Pontiac,1986,170,70,38-722,1250.74,P11469,1
335,Ford,2008,301,20,,2419.76,P09179,2
336,Audi,2004,,,,1257.32,P93843,1
337,Lincoln,2012,286,77,,193.16,P95017,1
338,Toyota,1996,215,20,44460-000,2168.36,P31305,2
339,Nissan,1995,414,36,352000,339.06,P89590,2
340,Bentley,2011,457,44,,891.12,P91031,1
341,Chevrolet,1993,157,54,,1252.13,P46091,2
342,Saab,1989,203,74,,2305.33,P14004,2
343,Ford,2006,419,35,,724.98,P55595,1
344,Buick,1996,126,60,,54.37,P49241,1
345,Buick,2004,360,50,,2125.77,P51056,2
346,GMC,1993,421,83,,1302.29,P95028,1
347,Honda,2007,328,76,949-1742,1080.35,P82837,2
348,Hyundai,2006,95,19,83200-000,1136.48,P93186,2
349,Bentley,2012,260,48,,1890.27,P60454,2
350,Land Rover,2011,106,86,,2282.73,P57062,1
351,Honda,2004,,,,655.71,P11263,2
352,Nissan,2007,440,46,661 31,2306.86,P74218,2
353,Austin,1963,330,73,291 88,345.39,P57920,1
354,Hyundai,2004,198,38,,2338.15,P67533,2
355,Lotus,1992,473,99,353220,1147.72,P49634,2
356,Volkswagen,1996,433,48,9021,,P41660,
357,Buick,1998,180,58,,1418.88,P18652,1
358,Cadillac,1996,358,22,A86,1473.68,P58158,1
359,Land Rover,2001,407,87,,1059.45,P81077,2
360,Mitsubishi,1984,437,79,E25,2047.4,P08642,1
361,Nissan,2010,66,80,,1753.64,P53583,2
362,Lexus,1998,152,70,421-0522,1951.28,P63348,2
363,Toyota,2012,199,52,,1166.07,P79945,2
364,Pontiac,1972,184,74,374 01,792.78,P46350,1
365,Mercedes-Benz,1997,126,74,,547,P55662,2
366,Mazda,1993,79,70,,133.72,P30103,1
367,Subaru,2006,450,69,MD-5354,768.11,P87622,1
368,Suzuki,2011,310,58,,1188.33,P33413,2
369,Nissan,2010,63,33,,156.2,P45411,2
370,Mercedes-Benz,1993,203,74,,1178.65,P19708,2
371,Maserati,2005,326,58,,985.56,P43333,2
372,Acura,2004,129,42,737513,1849.7,P65835,2
373,Mazda,1986,457,50,,872.08,P51471,2
374,Honda,2007,185,74,,,P99555,
375,Acura,1994,219,38,3501,1875.3,P68909,2
376,GMC,1993,416,71,,2070.4,P82540,1
377,Volkswagen,2000,199,36,999-8317,529.67,P45383,1
378,Dodge,2012,482,35,,1692.85,P51578,2
379,Chevrolet,2009,133,81,,962.55,P34702,1
380,Toyota,2003,477,45,,1555.64,P16450,2
381,GMC,1992,465,57,93883 CEDEX,548.94,P18971,2
382,Toyota,1994,479,31,,2098.26,P36260,2
383,GMC,2006,191,65,44320-000,1901.66,P64875,1
384,Pontiac,1986,83,50,,2407.66,P61624,2
385,Dodge,1993,298,64,,557.95,P58435,2
386,Subaru,1994,419,97,,872.78,P38604,2
387,Dodge,1996,357,88,,760.66,P30656,1
388,Dodge,1997,313,83,1341,846.73,P64836,1
389,Ford,2006,352,86,,2415.81,P79193,1
390,Mazda,2004,286,42,9600-213,708.64,P23409,2
391,Lincoln,1998,96,27,13170-000,354.1,P99700,1
392,Mercury,1988,419,17,,504.95,P22058,1
393,Ford,1989,374,59,521 96,,P71174,
394,Suzuki,2004,99,34,,972.99,P05283,2
395,Mercedes-Benz,2007,308,96,4940-374,2254.08,P00207,1
396,Isuzu,1996,206,75,,2180.99,P16700,2
397,GMC,1999,300,96,88-220,516.61,P15206,1
398,Chevrolet,2000,105,47,,481.93,P82444,2
399,Mazda,1993,421,88,,212.34,P66623,1
400,Mazda,2002,241,20,,1717.85,P87917,2
401,Isuzu,1997,401,91,,791.73,P41450,1
402,Mitsubishi,1991,386,99,,2330.59,P26979,2
403,Subaru,2012,331,64,64234 CEDEX,2046.78,P18505,2
404,Lamborghini,1990,121,40,,1595.39,P85500,1
405,Pontiac,1995,77,66,2970-841,321.39,P47489,2
406,Mitsubishi,2005,80,27,6809,203.79,P13969,1
407,Saturn,2008,208,40,,1629.52,P11837,1
408,Oldsmobile,1995,98,94,4535-160,,P16327,
409,Saab,1984,204,28,,1054.03,P96188,2
410,Volkswagen,1993,336,83,,370.19,P78988,2
411,Volvo,2006,465,25,,2099.46,P78354,2
412,Ford,1996,154,34,,1504.85,P55552,1
413,Mercedes-Benz,1992,436,62,21006,1153.07,P22982,1
414,Chevrolet,2001,212,46,8407,1174,P06072,2
415,Mazda,1988,137,16,90150,314.1,P93750,1
416,Lexus,2008,217,70,2985-006,207.46,P45835,2
417,Lexus,2003,249,73,,2272.46,P20987,1
418,Ford,1997,473,49,,324.89,P90263,2
419,GMC,1994,108,98,,378.13,P42428,2
420,Bentley,2012,266,37,L-8396,,P97397,
421,Audi,1993,353,88,477058,1076.93,P57684,1
422,Toyota,2000,364,37,783 22,,P19407,
423,Dodge,2005,360,98,,1681.63,P37406,1
424,Mazda,1994,440,89,,817.86,P43219,2
425,Audi,2008,242,16,64-733,783.46,P45396,2
426,GMC,2000,451,78,25117 CEDEX,1017.42,P34913,2
427,Acura,1997,102,48,,2336.94,P64828,2
428,Pontiac,1994,311,56,56326 CEDEX,680.44,P12554,2
429,Acura,2007,153,67,70572,1684.28,P16494,1
430,Hyundai,1997,179,30,,622.24,P62391,2
431,Infiniti,2007,,,,2276.55,P14942,2
432,Ford,1989,229,53,7645-215,787.14,P55863,2
433,Nissan,1996,430,84,62421,2400.61,P66948,1
434,Lincoln,2006,89,29,,1270.25,P86682,2
435,Pontiac,1990,173,95,859-0413,2410.67,P00391,1
436,Nissan,2006,154,41,T5G,630.69,P49327,1
437,Cadillac,2010,191,70,34000,1891.5,P51093,1
438,Toyota,2005,362,56,6262,728.95,P38722,2
439,Toyota,2003,397,88,,1723.47,P37874,2
440,Mercury,2008,480,68,653 44,1060.36,P90880,2
441,Dodge,1997,279,61,,1542.87,P14301,2
442,Mercedes-Benz,2007,232,40,26485,578.05,P67193,2
443,Pontiac,1986,447,46,,1369.48,P63136,2
444,Buick,1991,272,55,,443.18,P63162,2
445,Ford,1992,141,90,11004,1624.8,P73388,2
446,Volvo,1998,280,44,,820.53,P88972,2
447,Isuzu,2000,421,56,,1052.72,P76820,2
448,Dodge,2012,458,38,,1541.91,P75989,1
449,Citroën,1972,229,73,4109,2025.11,P12092,2
450,Pontiac,1987,117,54,,1505.66,P72700,1
451,Mazda,1995,414,80,912 24,1234.59,P64435,1
452,Isuzu,1999,189,36,,1091.42,P43650,2
453,Daewoo,2002,429,90,4415-005,1706.59,P49959,1
454,Mercedes-Benz,1985,84,59,,2243.41,P84788,1
455,Pontiac,1964,213,32,,1629.45,P98503,2
456,Hyundai,1998,475,77,,1826.33,P92488,2
457,Chevrolet,2008,270,68,10135,2364.84,P49313,2
458,Ford,1985,260,39,,1028.84,P91950,1
459,Mazda,2013,293,65,,1120.67,P16116,2
460,Mazda,1994,397,60,,2443.5,P62886,2
461,Buick,1985,264,23,,573.42,P82327,1
462,Subaru,2005,348,88,,2032.42,P97808,1
463,Kia,2005,181,80,,1521.28,P84807,1
464,Mercury,2007,439,60,,1547.15,P13839,1
465,Dodge,1999,311,95,501 78,1994.56,P66351,1
466,Nissan,1994,315,42,171439,1410.29,P81783,2
467,Aston Martin,2010,369,31,,1739.08,P09011,1
468,Lexus,1995,264,89,37700-000,1508.81,P59322,1
469,Hyundai,2004,157,48,,1286.23,P80438,2
470,Buick,1993,289,85,,2182.21,P28700,2
471,Chrysler,2006,126,45,4635-133,782.13,P43555,2
472,Acura,2008,104,73,,1505.58,P08777,2
473,Porsche,1995,96,19,28001,,P67965,
474,Mitsubishi,1990,283,46,,1906.19,P90250,2
475,Dodge,2001,296,53,5409,1285.58,P51040,2
476,Ferrari,2009,479,34,70633,2295.24,P10831,2
477,Nissan,2011,385,40,,1413.36,P91709,2
478,GMC,2004,254,93,,362.16,P31562,1
479,Buick,1987,138,54,,190.37,P66362,2
480,Mitsubishi,1989,129,54,142817,934.8,P56373,2
481,Buick,2007,360,30,,1002.39,P16389,2
482,Mazda,2005,453,94,68451,1618.11,P02805,2
483,Buick,1991,,,,1159.73,P65635,2
484,Ford,2010,236,97,,2278.61,P64692,2
485,Ford,1990,250,55,59407 CEDEX,1509.2,P96515,2
486,Rolls-Royce,2012,79,84,1209,493.73,P57855,1
487,Toyota,2012,131,60,,973.21,P29365,2
488,Volkswagen,2000,210,99,,841.32,P30896,2
489,Hyundai,2004,129,96,,1889.79,P11785,2
490,Ford,1998,251,64,96928,1235.15,P33254,2
491,Mercury,1996,461,81,2733,16.9,P16076,1
492,Mazda,1995,478,51,,1610.64,P49127,1
493,Lexus,2012,274,76,,1141.18,P32252,1
494,Buick,1995,462,97,6127,775.42,P05282,2
495,Saab,2001,69,52,48670,1058.62,P85696,1
496,Pontiac,2000,473,50,5609,1224.16,P43190,1
497,Lincoln,2010,288,82,,1959.42,P19516,2
498,Volvo,2009,495,48,7047,272.72,P94731,2
499,Lamborghini,2008,161,97,R3P,939.8,P80682,2
500,Plymouth,1964,69,83,4516,530.12,P31218,2
501,Dodge,1978,125,99,,412.04,P12561,2
502,Mercedes-Benz,1998,407,92,72015 CEDEX 2,1250.45,P52166,1
503,Land Rover,1992,258,72,,591.99,P27925,1
504,Porsche,1987,150,44,,1604.53,P07426,2
505,BMW,2010,50,26,,2158.79,P75786,2
506,Dodge,2001,193,53,,732.49,P88337,1
507,Bentley,2012,364,29,403 13,2394.41,P45422,2
508,Mitsubishi,1986,350,24,761517,1318.69,P46051,1
509,Ford,1985,420,84,07750-000,,P26932,
510,Chevrolet,1995,226,74,4640-340,2483.63,P51610,1
511,Dodge,2008,,,,,P41786,
512,Volvo,2011,304,49,,821.16,P10985,2
513,Alfa Romeo,1994,56,78,,1621.73,P66593,1
514,Mitsubishi,2012,269,91,,133.29,P86389,1
515,Mitsubishi,1990,189,100,70101,2062.92,P30102,1
516,Chrysler,2011,107,18,,1220.83,P47207,1
517,Ford,1993,304,43,,2282.37,P51631,1
518,Suzuki,1997,102,90,,1898.55,P25101,2
519,Chrysler,2010,400,42,,430.65,P15051,2
520,Saab,1986,262,55,,398.84,P10333,1
521,BMW,2013,153,37,,1557.25,P45368,1
522,Plymouth,1990,158,83,,1567.6,P62847,2
523,Ford,1983,312,94,74004 CEDEX,2051.34,P64528,1
524,GMC,2004,,,,2161.97,P83092,1
525,Ford,2003,186,63,,370.11,P27083,2
526,Land Rover,2010,365,89,62764,241.58,P09987,2
527,Mercedes-Benz,2012,339,76,,1190.34,P41475,1
528,Maybach,2003,324,52,,2013,P14068,2
529,Suzuki,2007,427,45,,884.02,P60598,1
530,Subaru,2011,106,60,34-382,179.98,P60023,2
531,Kia,2004,185,47,8609,1360.64,P61901,2
532,Cadillac,2010,343,54,2680,2008.66,P43554,1
533,Ford,2010,207,63,,847.81,P71228,2
534,Volkswagen,1999,460,71,,1953.83,P91869,2
535,Ford,1984,194,55,8715,2188.45,P72880,1
536,GMC,1996,421,70,,2293.99,P27680,2
537,Lamborghini,2007,491,52,,,P23500,
538,BMW,2001,243,25,,1026.02,P95844,2
539,Infiniti,2012,318,87,992-0778,1543.89,P71290,1
540,Suzuki,2012,238,63,2380-407,1974.51,P46234,2
541,Ford,1999,217,41,,982.18,P56541,1
542,Volvo,2001,296,92,2445-705,256.58,P40976,1
543,Chrysler,2009,295,89,,2048.25,P75307,2
544,Honda,1996,365,74,,2198.8,P82712,1
545,BMW,1959,477,33,,1182.7,P07039,1
546,Jeep,1999,292,21,,848.1,P91821,1
547,Mazda,2007,232,87,,1079.13,P95571,1
548,Ford,2012,65,65,,1367.55,P01054,2
549,Mitsubishi,1996,256,88,1504,1855.12,P88883,2
550,Cadillac,2005,402,95,24129,977.87,P05552,1
551,Mazda,1988,96,57,46857,455.05,P62120,1
552,Pontiac,1965,430,79,7300,954.06,P59465,2
553,Kia,2004,480,24,,1688.7,P26685,2
554,Audi,1990,479,77,,2068.37,P62072,1
555,Nissan,2010,211,22,,2085.9,P03875,1
556,Chrysler,2007,288,59,,1042.31,P98107,2
557,Buick,1995,460,42,,324.4,P22484,2
558,Ford,1990,359,68,55200-000,1799.51,P36192,1
559,Pontiac,1993,242,21,88-220,2442.08,P68394,1
560,Oldsmobile,2000,90,69,46175,786.27,P46231,2
561,Mercedes-Benz,2004,154,18,47203,249.11,P45496,1
562,Chevrolet,2008,428,65,,1845.79,P79150,1
563,Dodge,1994,374,39,152867,1359.85,P32577,2
564,Daewoo,2000,272,37,7104,1762.95,P85111,1
565,Cadillac,2009,63,46,44315,1899.3,P67635,1
566,Cadillac,2007,208,50,2156,589.9,P90704,2
567,Ford,2010,265,83,,1183,P41916,2
568,Subaru,1989,373,64,267 07,2246.3,P17866,2
569,Toyota,2001,53,66,6109,471.5,P11955,1
570,Ford,2003,239,16,353710,1537.71,P82406,2
571,Cadillac,2006,243,32,3055,1719.21,P90331,1
572,Mazda,2011,88,52,,1930.89,P01385,2
573,Nissan,1995,184,89,,2169.09,P94524,2
574,Mitsubishi,1998,156,85,,983.88,P23078,1
575,Kia,2003,286,60,678149,191.35,P17244,1
576,Toyota,1986,145,55,89500-000,462.05,P21030,1
577,Dodge,1995,452,60,89129,,P33147,
578,Toyota,2004,329,39,427629,395.69,P95915,2
579,Mercedes-Benz,1993,221,35,4415-005,558,P05511,1
580,BMW,1995,491,63,,19.85,P87146,2
581,Ford,2000,338,70,519 81,1646.51,P51703,1
582,Porsche,2005,461,82,,951.39,P50132,1
583,Dodge,2009,365,40,2815-625,1791.69,P40215,1
584,Lexus,2004,200,37,,2342.8,P71145,2
585,Volvo,2006,243,75,,727.75,P30266,2
586,Toyota,2001,302,91,,2171.27,P55329,2
587,Acura,1993,246,43,,196.74,P11269,2
588,Ford,2001,477,43,,901.28,P42957,2
589,Hyundai,1998,424,28,,1820.41,P16203,1
590,Lexus,2005,421,85,5120-384,941.72,P14070,1
591,Mitsubishi,1995,182,46,91501,2423.33,P15588,1
592,Cadillac,1998,196,29,R14,1909.9,P01864,1
593,Chevrolet,2010,200,46,7018,713.98,P41240,1
594,Maybach,2009,140,95,97824 CEDEX,1937.01,P78279,1
595,Jeep,1999,311,91,81679,1542.38,P84175,1
596,GMC,1992,,,,644.14,P28942,2
597,Dodge,1993,146,74,4124,774.38,P62967,1
598,Chrysler,2002,375,52,6011,1895.74,P93368,2
599,Volvo,1996,438,48,87-320,322.09,P91479,1
600,Toyota,1997,210,80,368580,573.84,P33022,2
601,Volkswagen,2010,319,70,103 70,1977.32,P85730,1
602,Ford,1985,312,41,,1262.51,P35745,2
603,Jensen,1966,120,84,49-314,268.84,P99324,2
604,GMC,1996,59,38,,2389.53,P17617,1
605,Jeep,2005,131,95,42001,2010.46,P17137,2
606,Isuzu,1992,87,89,5507,,P74612,
607,Nissan,2011,135,41,249064,2152.42,P17817,1
608,Porsche,1988,292,29,142452,382.4,P70849,1
609,Mazda,2003,281,34,,1376.49,P26124,2
610,Ford,1991,216,34,10257,2216.33,P95059,2
611,Volvo,2010,278,100,76630-000,2166.38,P67235,2
612,Toyota,1998,329,29,6524,2212.56,P64400,2
613,Ford,2011,415,64,,2240.13,P13574,2
614,Lexus,2003,264,70,4806,1916.34,P46376,2
615,Ford,2009,205,90,,100.11,P46766,1
616,Oldsmobile,1993,186,98,,704.07,P39022,1
617,Kia,2010,422,69,762027,249.06,P78311,2
618,Chevrolet,1996,423,69,,2036.54,P28863,2
619,Ford,2004,144,84,,884.88,P32004,2
620,Toyota,2004,415,86,83120,350.72,P50573,1
621,Chevrolet,1995,105,40,,638.48,P57507,2
622,Audi,2012,294,68,,1940.19,P62788,2
623,Jeep,1998,129,64,11120,1570.03,P56409,1
624,Chevrolet,1995,337,98,383 24,2238.51,P47551,2
625,Dodge,1978,64,39,,1625.51,P40482,2
626,BMW,2002,359,67,6536,,P42837,
627,Ford,2011,353,22,,983.13,P67992,1
628,Mazda,1992,488,84,,774.78,P08943,1
629,Lincoln,2007,240,78,5020,124.09,P97484,2
630,Dodge,2008,133,56,164 30,2335.15,P23351,1
631,Mitsubishi,1985,350,72,8600,984.57,P26497,2
632,Daewoo,2001,412,42,61635,406.83,P48914,2
633,Pontiac,1998,173,76,1104,559.79,P96555,1
634,Toyota,1994,330,96,,604.93,P02378,1
635,BMW,2003,500,100,,2185.85,P03264,1
636,Daewoo,2002,406,50,,1890.23,P28900,2
637,Subaru,2005,51,87,,1849.95,P99604,1
638,Suzuki,1990,204,66,,629.93,P96478,1
639,Plymouth,1997,257,53,07800-000,813.07,P85268,2
640,Chevrolet,2008,117,89,,1413.65,P52590,2
641,Jeep,2003,76,48,72-001,1967.94,P48814,1
642,Aston Martin,2007,133,74,,2012.91,P00781,2
643,Ford,1984,146,44,,621.31,P47789,1
644,Mazda,2001,102,50,53284,,P42969,
645,Ford,1997,269,92,,880.16,P49035,1
646,Dodge,2012,89,99,,1318.18,P01553,2
647,Mercedes-Benz,1994,466,83,,36.87,P03729,2
648,Cadillac,2008,449,67,,2125.16,P76626,2
649,Kia,2004,204,19,,947.53,P70889,1
650,Lexus,2003,454,49,4829,1653.83,P32773,1
651,Toyota,2008,134,78,32237,1771.59,P07902,2
652,Hyundai,2009,477,42,431226,1918.39,P36855,2
653,Oldsmobile,1996,167,25,34-322,978.14,P40024,1
654,Chrysler,2002,229,67,,38.74,P56877,1
655,Suzuki,2008,367,62,,1623.15,P66125,2
656,BMW,2000,170,45,96-321,2354.5,P00887,1
657,Nissan,1996,442,43,,845.67,P90942,2
658,Chrysler,2003,478,32,39930,,P26855,
659,Ford,1972,,,,1870.58,P70514,2
660,Maserati,1990,170,84,,1713.56,P06137,1
661,Isuzu,2001,72,47,,2433.17,P30861,2
662,Mitsubishi,2002,356,35,1011,2321.7,P54828,2
663,Volkswagen,1993,321,70,,39.5,P69689,2
664,Honda,2006,486,35,46-220,1714.28,P72344,2
665,Dodge,2002,197,55,763508,1214.21,P19726,1
666,Mercedes-Benz,1988,330,46,321-2342,73.38,P16867,1
667,Toyota,2008,194,28,56457,342.86,P73624,1
668,Ford,2007,91,83,54529 CEDEX,2361.02,P80706,1
669,Mazda,2003,180,27,83087,744.18,P59667,2
670,Cadillac,1993,118,69,417 17,2095.73,P68082,1
671,Chevrolet,2011,142,51,58550-000,553.71,P77478,1
672,Audi,2011,243,81,73700-000,,P98786,
673,Mercedes-Benz,2007,380,67,,1268.67,P87385,2
674,Suzuki,2005,110,62,,827.61,P97466,2
675,Audi,2008,101,96,,1906.47,P43784,2
676,Dodge,2002,277,34,417 02,1809.34,P60677,2
677,Suzuki,1999,469,45,,646.07,P90571,1
678,Land Rover,2005,60,41,,,P63228,
679,Dodge,1994,415,35,9253,1445.02,P33768,2
680,Buick,1998,249,83,238026,1207.66,P11353,1
681,Lexus,2001,135,93,,1616.67,P12792,2
682,Ford,2001,199,17,,750.78,P35748,1
683,Chevrolet,1997,153,59,69940-000,747.46,P15378,2
684,Mazda,1990,116,21,352947,2398.08,P42697,2
685,Hyundai,2001,200,88,,7.9,P33379,1
686,Lexus,1990,,,,2219.25,P09573,1
687,Ford,1998,342,53,,184.28,P03728,2
688,Infiniti,2011,75,36,2014,,P75910,
689,Mazda,2005,101,40,2410-505,2067.77,P99054,2
690,Nissan,2006,401,55,,825.11,P08643,1
691,Volkswagen,1991,226,80,2630-505,292.24,P96329,2
692,Ford,2010,436,44,4610-695,1541.47,P66857,2
693,Porsche,1994,318,71,463 31,411.39,P36952,2
694,Maserati,1990,157,75,96-127,2440.98,P36131,2
695,Dodge,2007,410,58,,49.79,P79874,1
696,Chrysler,2004,331,52,,1140.05,P17770,2
697,Volkswagen,1991,306,18,8316,72.36,P69630,1
698,Lincoln,2009,497,41,,837.49,P58474,1
699,Ford,1995,137,48,,68.98,P56744,2
700,Mitsubishi,1994,447,24,,1202.97,P66728,1
701,Dodge,2006,339,68,,1514.2,P10388,1
702,Mazda,1995,300,26,,1594.14,P26140,1
703,Ford,1987,315,48,67000-000,165.17,P32444,2
704,Ford,1997,404,19,941 22,1393.44,P91546,2
705,Mazda,2007,472,76,4745-235,,P59650,
706,Suzuki,2000,217,21,,1394.56,P50242,1
707,Audi,1997,385,82,,1216.62,P07397,1
708,Mercedes-Benz,2003,119,36,81-035,2405.87,P83625,2
709,Mazda,1998,122,38,47-180,2068.05,P38361,1
710,Oldsmobile,2003,390,75,,1899.09,P85822,1
711,Mercury,1970,170,88,,1791.64,P19093,2
712,Lamborghini,1997,488,63,,881.3,P87416,2
713,Hyundai,2003,350,100,17184 CEDEX,1474.73,P89555,1
714,Jaguar,2008,495,69,,292.21,P61796,2
715,Bentley,2007,97,32,65191,752.87,P99975,2
716,Lincoln,2007,499,52,,1054.3,P58161,2
717,Acura,2011,262,99,175323,44.03,P75227,2
718,Dodge,2009,230,34,,197.34,P56590,1
719,BMW,2007,472,45,,1785.13,P39594,1
720,Chevrolet,1993,189,81,,395.61,P23839,2
721,Volkswagen,1984,240,36,,213.65,P14865,1
722,Mazda,1987,220,20,,2260.57,P00587,1
723,Buick,1992,368,47,141196,1355.66,P03874,1
724,Chevrolet,1998,,,,7.57,P36083,1
725,Pontiac,2009,412,99,,408.05,P91586,2
726,Ford,2012,431,57,,1560.61,P27972,2
727,Acura,2004,129,85,448 92,228.56,P06871,1
728,Lexus,2000,181,50,,187.14,P59261,1
729,Pontiac,1990,444,31,9607,898.49,P02961,2
730,Chrysler,1993,226,46,G8B,1296.23,P12267,2
731,Chevrolet,2010,183,64,685000,1878.3,P75049,2
732,Ford,1987,275,80,,1983.06,P58903,2
733,Lincoln,2009,90,45,188910,207.98,P12379,2
734,Dodge,2000,200,56,,1423.44,P27581,1
735,Chevrolet,2003,468,22,,1773.97,P41511,2
736,Mercedes-Benz,1997,226,39,,1530.39,P62277,2
737,BMW,1998,421,96,,84.88,P52043,1
738,Kia,2005,261,50,,171.75,P82316,1
739,Daewoo,2001,481,42,,1100.2,P10288,2
740,Ford,1995,242,46,68420-000,76.92,P31252,1
741,Mitsubishi,1986,247,86,MD-6214,1476.81,P86688,1
742,Volkswagen,1991,144,90,,1438.91,P00125,2
743,Toyota,2006,448,38,2500-370,956.05,P70429,1
744,Chrysler,2001,193,45,68451,1498.2,P13758,2
745,Pontiac,2006,196,20,,2499.49,P91180,2
746,Volkswagen,2010,202,75,167907,2109.07,P10979,2
747,Aston Martin,2012,155,49,,1186.72,P53829,2
748,Hummer,1994,192,73,,1758.95,P23613,2
749,Mitsubishi,2002,159,41,453187,2163.26,P41699,1
750,Ford,2009,,,,1683.8,P66485,1
751,Oldsmobile,1996,171,42,88870-000,1006.17,P48137,1
752,Dodge,2000,290,18,,2152.96,P27682,1
753,Maserati,1991,456,34,4615-325,1849.08,P29196,2
754,GMC,1994,337,19,,2107.05,P17713,2
755,Mazda,1990,312,27,,616.84,P38326,1
756,Hyundai,2005,360,85,,1867.88,P01064,1
757,GMC,2010,254,92,,740.48,P35292,1
758,Isuzu,2000,487,28,8504,1020.94,P35873,2
759,Land Rover,2009,492,36,4765-190,1906.78,P30813,1
760,Toyota,1992,234,68,,2337.63,P84235,2
761,Chevrolet,1970,170,27,,1779.56,P97819,1
762,Chevrolet,2003,416,33,3923,1589.36,P83294,1
763,Ram,2011,460,61,,2098.38,P38334,1
764,Mazda,1992,484,93,,1620.29,P90762,2
765,Nissan,2008,329,75,54009 CEDEX,1967.36,P68181,2
766,Ford,1986,148,39,,984.91,P04392,1
767,Mitsubishi,1987,213,84,29830-000,651.89,P68455,1
768,Lexus,2001,73,67,,1426.96,P62230,1
769,Toyota,1998,311,46,,1622.32,P19906,1
770,Nissan,1998,497,57,4635-133,2084.62,P65456,2
771,Daewoo,2002,386,22,11604,2375.1,P78720,2
772,Chevrolet,2006,350,30,,2100.05,P20701,2
773,Mitsubishi,1991,218,95,,1062.15,P59470,1
774,GMC,1993,187,35,959-1287,1869.79,P26237,1
775,Chevrolet,1958,199,49,,801.65,P73368,2
776,Mitsubishi,1994,334,64,,1796.93,P92264,1
777,Nissan,2008,445,63,,2112.38,P97386,1
778,Toyota,2007,317,32,,198.18,P17349,1
779,Volvo,2005,109,88,,235.33,P16041,1
780,Ford,1994,292,86,38150,1430.77,P68922,1
781,Porsche,2010,475,45,,250.8,P24600,2
782,BMW,1998,349,57,181 23,2352.81,P11734,2
783,Volkswagen,2012,56,73,,,P66476,
784,GMC,1995,,,,1812.31,P82296,1
785,Nissan,2003,411,72,17110,2314.17,P32777,2
786,Mercedes-Benz,2004,328,92,,2204.78,P95237,1
787,Volkswagen,1984,78,53,2902,2316.94,P14091,1
788,Nissan,1994,383,22,6904,1106.31,P08698,1
789,Volkswagen,2006,179,43,,,P09549,
790,Buick,2005,461,60,,2189.95,P96236,1
791,Ford,2000,416,29,10514,,P08212,
792,Pontiac,1979,407,56,,928.08,P68474,2
793,Aston Martin,2011,302,19,340-0113,1672.17,P07505,1
794,BMW,2005,341,63,18900-000,508.24,P29996,2
795,Mercedes-Benz,2008,304,27,,1157.61,P08934,1
796,Austin,1963,171,73,65400-000,16.89,P33116,2
797,Toyota,2000,63,96,,422.12,P77711,1
798,Volkswagen,1987,365,99,621 90,1878.67,P75760,2
799,Ford,1987,189,94,6516,131.8,P22921,1
800,Toyota,2004,207,50,,1614.72,P47052,1
801,Audi,2006,263,84,1005,781.55,P91030,1
802,Land Rover,2007,79,53,744 88,1249.27,P26523,1
803,Lexus,1995,478,30,44036 CEDEX 1,867.77,P22727,2
804,Chevrolet,1995,183,52,,841.77,P92867,1
805,Chevrolet,1972,367,87,9202,883.28,P29653,2
806,Toyota,1999,205,61,,108.3,P28742,2
807,Ford,1993,317,67,,1504.89,P69963,2
808,Dodge,1995,475,26,,2021.79,P12104,2
809,Ford,1989,462,31,,1982.58,P19881,2
810,Isuzu,2000,315,27,36-071,1672.93,P38469,2
811,Isuzu,2007,308,56,22820,1310.61,P85089,1
812,BMW,1994,420,16,2870-005,936.43,P70600,2
813,Lotus,1991,144,69,,475.85,P46558,2
814,Ford,2006,83,56,249028,912.16,P88167,2
815,Chevrolet,2009,230,53,21-450,295.04,P49377,2
816,Infiniti,2001,63,61,,1089.85,P19111,1
817,Porsche,1994,98,32,,2076.01,P26140,1
818,Aston Martin,2012,222,90,,256.05,P67702,2
819,Audi,1994,248,90,781-3223,342.21,P22839,2
820,Toyota,1998,475,93,361424,1699.87,P89335,1
821,Toyota,1997,91,39,,1616.76,P44494,1
822,Lincoln,2010,492,24,,2431.5,P77068,2
823,Audi,1990,439,30,,1833.68,P42158,2
824,Ford,2010,64,42,95109 CEDEX,1390.01,P55144,2
825,Dodge,1996,379,61,,993.17,P50039,1
826,Ford,1992,466,44,64525-000,2341.93,P08493,1
827,Jeep,2007,98,16,339-0061,21.03,P47453,1
828,Mitsubishi,2011,419,34,3636,1340.03,P88313,1
829,Toyota,2000,177,100,,,P57699,
830,Chevrolet,1993,107,70,,,P39830,
831,Mazda,2008,169,95,5684,958.1,P08456,1
832,Toyota,2003,194,80,601672,274.74,P30344,1
833,Mitsubishi,2012,305,91,65911 CEDEX 9,49.26,P69931,2
834,Mercury,1997,450,95,,1123.24,P81811,1
835,Chevrolet,2013,343,76,23206,1968.99,P78213,2
836,Mitsubishi,2011,499,54,,1611.43,P54650,1
837,Lamborghini,1988,173,26,,2225.81,P99369,1
838,BMW,1996,471,65,1160,2007.14,P90485,1
839,Toyota,1993,387,92,,1653.88,P42497,1
840,Porsche,1984,,,,2069.31,P77739,2
841,Toyota,2003,456,59,,,P93837,
842,Mitsubishi,1992,450,39,3524,1544.33,P76386,2
843,Buick,1985,197,38,,,P50868,
844,Chevrolet,1954,362,45,9265,859.35,P18143,1
845,GMC,2008,385,51,,583.73,P76169,1
846,Porsche,2005,323,98,,1618.61,P90744,1
847,Chevrolet,2005,354,30,,1660.1,P38415,1
848,Dodge,2002,452,83,,491.72,P81956,1
849,Pontiac,1993,360,88,11-130,1483.25,P54002,2
850,Ford,1991,,,,19.73,P69797,1
851,GMC,2003,458,50,37140-000,593.64,P07877,1
852,Land Rover,2011,84,59,,14.88,P27114,2
853,Audi,2003,162,59,1413,1911.45,P92842,2
854,Nissan,2009,74,20,,456.28,P48696,2
855,Chevrolet,2002,374,60,426 71,2036.3,P77935,2
856,Chevrolet,2008,249,36,2855-609,1237.56,P42890,1
857,Audi,2010,400,67,,1526.14,P34248,2
858,Plymouth,2000,239,92,,1664.09,P76705,1
859,Lamborghini,1990,342,32,,2102.18,P88637,1
860,Ford,2007,150,67,5439,1574.61,P44418,2
861,Isuzu,1999,55,27,,1407.54,P46250,2
862,Chevrolet,2002,229,82,103 50,966.85,P76054,1
863,Kia,2012,408,73,,1805.67,P00119,2
864,Mercedes-Benz,1992,108,31,,1332.05,P42777,2
865,Pontiac,1994,142,54,2615-009,1134.6,P59262,1
866,Volkswagen,1989,475,23,,,P60842,
867,Eagle,1996,379,39,,2089.18,P15906,1
868,Mercury,2009,465,32,,136.16,P27623,1
869,Toyota,2007,435,63,435 43,1312.39,P63936,2
870,GMC,1995,493,65,,788.99,P54228,1
871,Volkswagen,2012,435,64,133 34,1770.56,P57855,1
872,Hyundai,2002,215,22,,804.85,P96179,2
873,Toyota,2009,495,41,205018,594.86,P29277,1
874,Isuzu,2001,191,83,,1138.53,P99398,1
875,Lexus,1999,136,94,12020,191.32,P79219,1
876,Mercedes-Benz,1993,87,64,35244,2094.88,P52630,1
877,Dodge,1992,400,26,52438,2209.13,P97936,1
878,Chevrolet,1996,231,50,9225,,P43322,
879,Pontiac,1998,455,33,2900-005,875.14,P95926,1
880,Saab,1992,371,16,161140,1770.43,P69081,1
881,Lincoln,1993,409,91,332 04,417.12,P08463,2
882,Nissan,1994,106,70,3501,56.24,P48407,2
883,Pontiac,1994,364,28,59-940,170.87,P95493,2
884,GMC,1995,245,71,,1240.89,P30233,2
885,Suzuki,2009,187,72,700-0046,2312.44,P47961,2
886,Pontiac,2001,146,72,55573,1890.23,P67080,1
887,Oldsmobile,1999,262,41,,452.8,P72360,1
888,Mercury,1985,59,23,,463.42,P67572,1
889,Mazda,2009,383,66,,1408.15,P77165,2
890,Nissan,2008,395,85,,705,P03364,1
891,Dodge,2006,308,94,6401,2356.64,P92342,1
892,Chevrolet,1993,252,52,,2240.75,P81788,2
893,Ford,1997,447,97,291 36,1542.5,P58915,2
894,Lincoln,2001,113,78,297 32,1875.49,P34096,2
895,Pontiac,2002,426,63,,126.27,P31960,1
896,Bentley,2010,479,57,,1862.8,P19269,2
897,Ford,2010,307,62,,,P76486,
898,Mercury,2007,56,79,,2090.68,P74287,2
899,Ford,2010,160,52,,,P32060,
900,GMC,2000,463,86,,50.25,P35826,1
901,Toyota,2005,75,68,8204,1869.69,P32250,1
902,Pontiac,2005,167,91,,437.09,P00448,1
903,Chevrolet,1997,201,17,,933.54,P32663,1
904,Toyota,2003,234,38,94474 CEDEX,1683.01,P49086,1
905,Mitsubishi,1987,271,87,753 09,713.17,P38794,1
906,GMC,1995,347,45,,2280.83,P42351,2
907,GMC,1993,330,59,,1215.3,P04587,2
908,Nissan,1997,120,73,,2079.94,P37253,1
909,Mercury,2007,318,64,662 24,1576.86,P41965,1
910,Chevrolet,2006,93,90,,387.55,P61695,1
911,Jeep,2010,323,94,,432.2,P94330,1
912,GMC,1994,55,83,,842.39,P35367,2
913,Aston Martin,2011,383,16,,879.06,P99414,2
914,Honda,2012,491,57,36120,290.65,P80281,1
915,BMW,2002,116,29,,1707.14,P81977,1
916,Chevrolet,1978,460,75,62375,1859.53,P02097,2
917,Land Rover,1997,268,88,5608,511.85,P39556,1
918,Lotus,1988,430,68,,1742.76,P33194,1
919,Mercury,1990,463,80,4805-196,65.84,P75326,1
920,Jaguar,2007,299,34,,2086.16,P23509,1
921,Toyota,1995,350,39,,1450.79,P99161,2
922,BMW,2003,103,38,91169 CEDEX,1798.87,P05276,2
923,Pontiac,1990,441,70,,2319.22,P58978,2
924,Hummer,2002,133,89,,1700.79,P15934,1
925,Pontiac,1992,390,63,5509,1838.74,P05131,2
926,Chevrolet,2004,336,22,683558,1947.11,P11879,1
927,Nissan,2009,234,89,,157.68,P23755,1
928,Pontiac,1986,130,43,,1821.55,P71349,1
929,GMC,1999,459,62,7142,365.86,P52243,2
930,Infiniti,1999,372,66,,1086.74,P94409,1
931,Aston Martin,2011,445,73,,2086.22,P15491,1
932,GMC,2003,462,39,,1308.33,P45699,1
933,Suzuki,2003,283,86,,2047.17,P26944,1
934,Ford,1999,464,57,,479.67,P90203,2
935,Lexus,2009,181,33,,2385.62,P48442,1
936,Maserati,1990,306,92,54410,1229,P94461,2
937,Lexus,2008,174,57,9201,939.8,P04339,2
938,Mercedes-Benz,1989,171,78,59704 CEDEX,2212.82,P75399,1
939,Mercedes-Benz,1993,451,26,,903.9,P72700,1
940,Dodge,1997,244,36,4775-174,1236.83,P17929,2
941,Lexus,2012,121,85,,233.24,P01779,1
942,MINI,2010,391,16,97019 CEDEX,691,P70345,2
943,Mercedes-Benz,2011,257,90,,2411.37,P77452,1
944,Buick,2004,184,65,22212,1725.34,P69079,2
945,Mazda,1998,174,99,97229,,P96215,
946,Toyota,2012,334,98,,,P37012,
947,Toyota,2003,207,46,1121,1406.04,P73580,2
948,Nissan,2012,194,21,45-559,1731.88,P71366,1
949,Chevrolet,2006,295,65,,390.39,P00939,1
950,Mazda,1989,394,88,,1525.85,P63661,1
951,Mitsubishi,1984,121,86,,232.48,P80359,1
952,Honda,2006,178,94,739 47,651.32,P25516,1
953,Toyota,2009,63,72,D17,1599.56,P07045,2
954,Maserati,1989,201,43,,140.77,P87891,2
955,Lexus,2006,252,40,2405,1314.62,P22728,2
956,Toyota,2007,129,84,453259,858.28,P42754,2
957,Honda,1984,184,31,641500,,P50292,
958,Pontiac,2000,453,84,,1137,P78612,1
959,Toyota,1993,51,38,216740,15.44,P68019,2
960,Ford,2008,105,62,,,P02186,
961,Ford,2000,140,62,225,1530.97,P27352,1
962,Mitsubishi,1998,414,46,50393,2077.23,P02486,2
963,Geo,1997,495,50,345-0036,389.28,P11849,2
964,Ford,1987,499,95,,1472.61,P07346,2
965,Infiniti,2008,330,21,,560.98,P36134,1
966,Ford,1994,96,54,,1466.95,P71672,1
967,Lexus,2011,393,62,9511,1765.22,P20529,1
968,Dodge,2000,323,83,,519.72,P56440,2
969,Pontiac,1989,399,46,,2489.25,P05981,2
970,Ford,1993,385,80,,1778.77,P66749,2
971,Toyota,2005,355,58,56-160,,P73129,
972,Chevrolet,2005,363,85,,2380.05,P76370,2
973,Lotus,2004,337,37,66160,1153.26,P54560,2
974,Audi,1989,150,72,2765-133,2379.51,P15369,2
975,Mercury,1993,430,92,,1360.29,P12740,1
976,Chrysler,2004,252,81,,,P70835,
977,Subaru,2008,329,52,,1644.55,P03251,1
978,GMC,2011,65,99,,1976.11,P52056,1
979,Land Rover,2008,246,95,264,1938.33,P99909,1
980,Dodge,1994,381,31,,2108.15,P36963,2
981,Mitsubishi,1998,268,71,,447.53,P63201,1
982,Mitsubishi,2003,307,19,,1540.74,P07720,1
983,Toyota,1984,182,53,,1150.61,P72214,2
984,Toyota,2002,412,82,267 35,2152.37,P90337,2
985,Toyota,2010,285,20,,161.78,P80646,2
986,Mitsubishi,2000,155,38,,21.3,P07653,2
987,Saturn,2003,396,16,,,P40201,
988,Toyota,2001,383,55,682 24,2294.66,P74323,1
989,Volvo,1998,218,81,,652.29,P26101,2
990,Ford,1989,251,68,670-0013,1650.17,P13550,1
991,GMC,1992,80,30,,974.98,P66884,2
992,Ford,1990,120,90,,1677.56,P49728,1
993,Chrysler,2008,440,91,,639.59,P71292,2
994,Buick,1990,348,69,37-723,717.73,P03297,1
995,Mazda,2002,81,91,,2478.3,P88613,2
996,Plymouth,1978,194,57,,626.58,P37315,1
997,Ford,2003,484,45,43-436,1381.25,P34532,1
998,Chevrolet,2002,237,73,,1865.91,P42421,2
999,Lincoln,2012,332,81,,1193,P81215,2
1000,Jaguar,2004,218,79,442710,864.27,P80409,1
